YEAR,STATE,STATE ANSI,COMMODITY,DATA ITEM,METRIC,VALUE
2022,ALABAMA,1,WHEAT, ACRES HARVESTED,ACRE,120000
2022,ALABAMA,1,WHEAT, ACRES PLANTED,ACRE,180000
2022,ALABAMA,1,WHEAT, YIELD, MEASURED IN BU / ACRE,72
2022,ARIZONA,4,WHEAT, ACRES HARVESTED,ACRE,84000
2022,ARIZONA,4,WHEAT, ACRES PLANTED,ACRE,85000
2022,ARIZONA,4,WHEAT, YIELD, MEASURED IN BU / ACRE,114
2022,ARKANSAS,5,WHEAT, ACRES HARVESTED,ACRE,150000
2022,ARKANSAS,5,WHEAT, ACRES PLANTED,ACRE,220000
2022,ARKANSAS,5,WHEAT, YIELD, MEASURED IN BU / ACRE,53
2022,CALIFORNIA,6,WHEAT, ACRES HARVESTED,ACRE,105000
2022,CALIFORNIA,6,WHEAT, ACRES PLANTED,ACRE,390000
2022,CALIFORNIA,6,WHEAT, YIELD, MEASURED IN BU / ACRE,85.3
2022,COLORADO,8,WHEAT, ACRES HARVESTED,ACRE,1430000
2022,COLORADO,8,WHEAT, ACRES PLANTED,ACRE,1950000
2022,COLORADO,8,WHEAT, YIELD, MEASURED IN BU / ACRE,25
2022,DELAWARE,10,WHEAT, ACRES HARVESTED,ACRE,54000
2022,DELAWARE,10,WHEAT, ACRES PLANTED,ACRE,80000
2022,DELAWARE,10,WHEAT, YIELD, MEASURED IN BU / ACRE,76
2022,GEORGIA,13,WHEAT, ACRES HARVESTED,ACRE,100000
2022,GEORGIA,13,WHEAT, ACRES PLANTED,ACRE,200000
2022,GEORGIA,13,WHEAT, YIELD, MEASURED IN BU / ACRE,58
2022,IDAHO,16,WHEAT, ACRES HARVESTED,ACRE,1077000
2022,IDAHO,16,WHEAT, ACRES PLANTED,ACRE,1157000
2022,IDAHO,16,WHEAT, YIELD, MEASURED IN BU / ACRE,86.8
2022,ILLINOIS,17,WHEAT, ACRES HARVESTED,ACRE,560000
2022,ILLINOIS,17,WHEAT, ACRES PLANTED,ACRE,650000
2022,ILLINOIS,17,WHEAT, YIELD, MEASURED IN BU / ACRE,79
2022,INDIANA,18,WHEAT, ACRES HARVESTED,ACRE,240000
2022,INDIANA,18,WHEAT, ACRES PLANTED,ACRE,290000
2022,INDIANA,18,WHEAT, YIELD, MEASURED IN BU / ACRE,81
2022,KANSAS,20,WHEAT, ACRES HARVESTED,ACRE,6600000
2022,KANSAS,20,WHEAT, ACRES PLANTED,ACRE,7300000
2022,KANSAS,20,WHEAT, YIELD, MEASURED IN BU / ACRE,37
2022,KENTUCKY,21,WHEAT, ACRES HARVESTED,ACRE,375000
2022,KENTUCKY,21,WHEAT, ACRES PLANTED,ACRE,530000
2022,KENTUCKY,21,WHEAT, YIELD, MEASURED IN BU / ACRE,80
2022,MARYLAND,24,WHEAT, ACRES HARVESTED,ACRE,170000
2022,MARYLAND,24,WHEAT, ACRES PLANTED,ACRE,355000
2022,MARYLAND,24,WHEAT, YIELD, MEASURED IN BU / ACRE,78
2022,MICHIGAN,26,WHEAT, ACRES HARVESTED,ACRE,415000
2022,MICHIGAN,26,WHEAT, ACRES PLANTED,ACRE,460000
2022,MICHIGAN,26,WHEAT, YIELD, MEASURED IN BU / ACRE,83
2022,MINNESOTA,27,WHEAT, ACRES HARVESTED,ACRE,1210000
2022,MINNESOTA,27,WHEAT, ACRES PLANTED,ACRE,1250000
2022,MINNESOTA,27,WHEAT, YIELD, MEASURED IN BU / ACRE,61
2022,MISSISSIPPI,28,WHEAT, ACRES HARVESTED,ACRE,75000
2022,MISSISSIPPI,28,WHEAT, ACRES PLANTED,ACRE,100000
2022,MISSISSIPPI,28,WHEAT, YIELD, MEASURED IN BU / ACRE,52
2022,MISSOURI,29,WHEAT, ACRES HARVESTED,ACRE,410000
2022,MISSOURI,29,WHEAT, ACRES PLANTED,ACRE,630000
2022,MISSOURI,29,WHEAT, YIELD, MEASURED IN BU / ACRE,60
2022,MONTANA,30,WHEAT, ACRES HARVESTED,ACRE,4915000
2022,MONTANA,30,WHEAT, ACRES PLANTED,ACRE,5460000
2022,MONTANA,30,WHEAT, YIELD, MEASURED IN BU / ACRE,28.3
2022,NEBRASKA,31,WHEAT, ACRES HARVESTED,ACRE,820000
2022,NEBRASKA,31,WHEAT, ACRES PLANTED,ACRE,980000
2022,NEBRASKA,31,WHEAT, YIELD, MEASURED IN BU / ACRE,32
2022,NEW JERSEY,34,WHEAT, ACRES HARVESTED,ACRE,22000
2022,NEW JERSEY,34,WHEAT, ACRES PLANTED,ACRE,26000
2022,NEW JERSEY,34,WHEAT, YIELD, MEASURED IN BU / ACRE,70
2022,NEW MEXICO,35,WHEAT, ACRES HARVESTED,ACRE,90000
2022,NEW MEXICO,35,WHEAT, ACRES PLANTED,ACRE,360000
2022,NEW MEXICO,35,WHEAT, YIELD, MEASURED IN BU / ACRE,17
2022,NEW YORK,36,WHEAT, ACRES HARVESTED,ACRE,100000
2022,NEW YORK,36,WHEAT, ACRES PLANTED,ACRE,140000
2022,NEW YORK,36,WHEAT, YIELD, MEASURED IN BU / ACRE,72
2022,NORTH CAROLINA,37,WHEAT, ACRES HARVESTED,ACRE,375000
2022,NORTH CAROLINA,37,WHEAT, ACRES PLANTED,ACRE,480000
2022,NORTH CAROLINA,37,WHEAT, YIELD, MEASURED IN BU / ACRE,64
2022,NORTH DAKOTA,38,WHEAT, ACRES HARVESTED,ACRE,6135000
2022,NORTH DAKOTA,38,WHEAT, ACRES PLANTED,ACRE,6195000
2022,NORTH DAKOTA,38,WHEAT, YIELD, MEASURED IN BU / ACRE,48.9
2022,OHIO,39,WHEAT, ACRES HARVESTED,ACRE,465000
2022,OHIO,39,WHEAT, ACRES PLANTED,ACRE,510000
2022,OHIO,39,WHEAT, YIELD, MEASURED IN BU / ACRE,79
2022,OKLAHOMA,40,WHEAT, ACRES HARVESTED,ACRE,2450000
2022,OKLAHOMA,40,WHEAT, ACRES PLANTED,ACRE,4300000
2022,OKLAHOMA,40,WHEAT, YIELD, MEASURED IN BU / ACRE,28
2022,OREGON,41,WHEAT, ACRES HARVESTED,ACRE,715000
2022,OREGON,41,WHEAT, ACRES PLANTED,ACRE,730000
2022,OREGON,41,WHEAT, YIELD, MEASURED IN BU / ACRE,68
2022,PENNSYLVANIA,42,WHEAT, ACRES HARVESTED,ACRE,210000
2022,PENNSYLVANIA,42,WHEAT, ACRES PLANTED,ACRE,270000
2022,PENNSYLVANIA,42,WHEAT, YIELD, MEASURED IN BU / ACRE,73
2022,SOUTH CAROLINA,45,WHEAT, ACRES HARVESTED,ACRE,100000
2022,SOUTH CAROLINA,45,WHEAT, ACRES PLANTED,ACRE,120000
2022,SOUTH CAROLINA,45,WHEAT, YIELD, MEASURED IN BU / ACRE,57
2022,SOUTH DAKOTA,46,WHEAT, ACRES HARVESTED,ACRE,1440000
2022,SOUTH DAKOTA,46,WHEAT, ACRES PLANTED,ACRE,1580000
2022,SOUTH DAKOTA,46,WHEAT, YIELD, MEASURED IN BU / ACRE,50
2022,TENNESSEE,47,WHEAT, ACRES HARVESTED,ACRE,335000
2022,TENNESSEE,47,WHEAT, ACRES PLANTED,ACRE,410000
2022,TENNESSEE,47,WHEAT, YIELD, MEASURED IN BU / ACRE,73
2022,TEXAS,48,WHEAT, ACRES HARVESTED,ACRE,1300000
2022,TEXAS,48,WHEAT, ACRES PLANTED,ACRE,5300000
2022,TEXAS,48,WHEAT, YIELD, MEASURED IN BU / ACRE,30
2022,UTAH,49,WHEAT, ACRES HARVESTED,ACRE,88000
2022,UTAH,49,WHEAT, ACRES PLANTED,ACRE,110000
2022,UTAH,49,WHEAT, YIELD, MEASURED IN BU / ACRE,36
2022,VIRGINIA,51,WHEAT, ACRES HARVESTED,ACRE,150000
2022,VIRGINIA,51,WHEAT, ACRES PLANTED,ACRE,230000
2022,VIRGINIA,51,WHEAT, YIELD, MEASURED IN BU / ACRE,68
2022,WASHINGTON,53,WHEAT, ACRES HARVESTED,ACRE,2270000
2022,WASHINGTON,53,WHEAT, ACRES PLANTED,ACRE,2325000
2022,WASHINGTON,53,WHEAT, YIELD, MEASURED IN BU / ACRE,63.4
2022,WISCONSIN,55,WHEAT, ACRES HARVESTED,ACRE,235000
2022,WISCONSIN,55,WHEAT, ACRES PLANTED,ACRE,300000
2022,WISCONSIN,55,WHEAT, YIELD, MEASURED IN BU / ACRE,78
2022,WYOMING,56,WHEAT, ACRES HARVESTED,ACRE,95000
2022,WYOMING,56,WHEAT, ACRES PLANTED,ACRE,115000
2022,WYOMING,56,WHEAT, YIELD, MEASURED IN BU / ACRE,17
2021,ALABAMA,1,WHEAT, ACRES HARVESTED,ACRE,110000
2021,ALABAMA,1,WHEAT, ACRES PLANTED,ACRE,175000
2021,ALABAMA,1,WHEAT, YIELD, MEASURED IN BU / ACRE,83
2021,ARIZONA,4,WHEAT, ACRES HARVESTED,ACRE,59000
2021,ARIZONA,4,WHEAT, ACRES PLANTED,ACRE,60000
2021,ARIZONA,4,WHEAT, YIELD, MEASURED IN BU / ACRE,90
2021,ARKANSAS,5,WHEAT, ACRES HARVESTED,ACRE,145000
2021,ARKANSAS,5,WHEAT, ACRES PLANTED,ACRE,210000
2021,ARKANSAS,5,WHEAT, YIELD, MEASURED IN BU / ACRE,58
2021,CALIFORNIA,6,WHEAT, ACRES HARVESTED,ACRE,110000
2021,CALIFORNIA,6,WHEAT, ACRES PLANTED,ACRE,385000
2021,CALIFORNIA,6,WHEAT, YIELD, MEASURED IN BU / ACRE,87.1
2021,COLORADO,8,WHEAT, ACRES HARVESTED,ACRE,1880000
2021,COLORADO,8,WHEAT, ACRES PLANTED,ACRE,2200000
2021,COLORADO,8,WHEAT, YIELD, MEASURED IN BU / ACRE,37
2021,DELAWARE,10,WHEAT, ACRES HARVESTED,ACRE,35000
2021,DELAWARE,10,WHEAT, ACRES PLANTED,ACRE,60000
2021,DELAWARE,10,WHEAT, YIELD, MEASURED IN BU / ACRE,70
2021,GEORGIA,13,WHEAT, ACRES HARVESTED,ACRE,110000
2021,GEORGIA,13,WHEAT, ACRES PLANTED,ACRE,220000
2021,GEORGIA,13,WHEAT, YIELD, MEASURED IN BU / ACRE,56
2021,IDAHO,16,WHEAT, ACRES HARVESTED,ACRE,1132000
2021,IDAHO,16,WHEAT, ACRES PLANTED,ACRE,1227000
2021,IDAHO,16,WHEAT, YIELD, MEASURED IN BU / ACRE,67.6
2021,ILLINOIS,17,WHEAT, ACRES HARVESTED,ACRE,610000
2021,ILLINOIS,17,WHEAT, ACRES PLANTED,ACRE,670000
2021,ILLINOIS,17,WHEAT, YIELD, MEASURED IN BU / ACRE,79
2021,INDIANA,18,WHEAT, ACRES HARVESTED,ACRE,270000
2021,INDIANA,18,WHEAT, ACRES PLANTED,ACRE,340000
2021,INDIANA,18,WHEAT, YIELD, MEASURED IN BU / ACRE,85
2021,KANSAS,20,WHEAT, ACRES HARVESTED,ACRE,7000000
2021,KANSAS,20,WHEAT, ACRES PLANTED,ACRE,7300000
2021,KANSAS,20,WHEAT, YIELD, MEASURED IN BU / ACRE,52
2021,KENTUCKY,21,WHEAT, ACRES HARVESTED,ACRE,350000
2021,KENTUCKY,21,WHEAT, ACRES PLANTED,ACRE,510000
2021,KENTUCKY,21,WHEAT, YIELD, MEASURED IN BU / ACRE,87
2021,MARYLAND,24,WHEAT, ACRES HARVESTED,ACRE,160000
2021,MARYLAND,24,WHEAT, ACRES PLANTED,ACRE,345000
2021,MARYLAND,24,WHEAT, YIELD, MEASURED IN BU / ACRE,79
2021,MICHIGAN,26,WHEAT, ACRES HARVESTED,ACRE,560000
2021,MICHIGAN,26,WHEAT, ACRES PLANTED,ACRE,610000
2021,MICHIGAN,26,WHEAT, YIELD, MEASURED IN BU / ACRE,81
2021,MINNESOTA,27,WHEAT, ACRES HARVESTED,ACRE,1160000
2021,MINNESOTA,27,WHEAT, ACRES PLANTED,ACRE,1210000
2021,MINNESOTA,27,WHEAT, YIELD, MEASURED IN BU / ACRE,48
2021,MISSISSIPPI,28,WHEAT, ACRES HARVESTED,ACRE,70000
2021,MISSISSIPPI,28,WHEAT, ACRES PLANTED,ACRE,95000
2021,MISSISSIPPI,28,WHEAT, YIELD, MEASURED IN BU / ACRE,59
2021,MISSOURI,29,WHEAT, ACRES HARVESTED,ACRE,490000
2021,MISSOURI,29,WHEAT, ACRES PLANTED,ACRE,640000
2021,MISSOURI,29,WHEAT, YIELD, MEASURED IN BU / ACRE,65
2021,MONTANA,30,WHEAT, ACRES HARVESTED,ACRE,4530000
2021,MONTANA,30,WHEAT, ACRES PLANTED,ACRE,5520000
2021,MONTANA,30,WHEAT, YIELD, MEASURED IN BU / ACRE,22.2
2021,NEBRASKA,31,WHEAT, ACRES HARVESTED,ACRE,840000
2021,NEBRASKA,31,WHEAT, ACRES PLANTED,ACRE,920000
2021,NEBRASKA,31,WHEAT, YIELD, MEASURED IN BU / ACRE,49
2021,NEW JERSEY,34,WHEAT, ACRES HARVESTED,ACRE,16000
2021,NEW JERSEY,34,WHEAT, ACRES PLANTED,ACRE,23000
2021,NEW JERSEY,34,WHEAT, YIELD, MEASURED IN BU / ACRE,67
2021,NEW MEXICO,35,WHEAT, ACRES HARVESTED,ACRE,80000
2021,NEW MEXICO,35,WHEAT, ACRES PLANTED,ACRE,380000
2021,NEW MEXICO,35,WHEAT, YIELD, MEASURED IN BU / ACRE,36
2021,NEW YORK,36,WHEAT, ACRES HARVESTED,ACRE,125000
2021,NEW YORK,36,WHEAT, ACRES PLANTED,ACRE,155000
2021,NEW YORK,36,WHEAT, YIELD, MEASURED IN BU / ACRE,77
2021,NORTH CAROLINA,37,WHEAT, ACRES HARVESTED,ACRE,345000
2021,NORTH CAROLINA,37,WHEAT, ACRES PLANTED,ACRE,450000
2021,NORTH CAROLINA,37,WHEAT, YIELD, MEASURED IN BU / ACRE,56
2021,NORTH DAKOTA,38,WHEAT, ACRES HARVESTED,ACRE,6090000
2021,NORTH DAKOTA,38,WHEAT, ACRES PLANTED,ACRE,6470000
2021,NORTH DAKOTA,38,WHEAT, YIELD, MEASURED IN BU / ACRE,32.2
2021,OHIO,39,WHEAT, ACRES HARVESTED,ACRE,515000
2021,OHIO,39,WHEAT, ACRES PLANTED,ACRE,580000
2021,OHIO,39,WHEAT, YIELD, MEASURED IN BU / ACRE,85
2021,OKLAHOMA,40,WHEAT, ACRES HARVESTED,ACRE,2950000
2021,OKLAHOMA,40,WHEAT, ACRES PLANTED,ACRE,4400000
2021,OKLAHOMA,40,WHEAT, YIELD, MEASURED IN BU / ACRE,39
2021,OREGON,41,WHEAT, ACRES HARVESTED,ACRE,705000
2021,OREGON,41,WHEAT, ACRES PLANTED,ACRE,720000
2021,OREGON,41,WHEAT, YIELD, MEASURED IN BU / ACRE,45
2021,PENNSYLVANIA,42,WHEAT, ACRES HARVESTED,ACRE,195000
2021,PENNSYLVANIA,42,WHEAT, ACRES PLANTED,ACRE,270000
2021,PENNSYLVANIA,42,WHEAT, YIELD, MEASURED IN BU / ACRE,77
2021,SOUTH CAROLINA,45,WHEAT, ACRES HARVESTED,ACRE,100000
2021,SOUTH CAROLINA,45,WHEAT, ACRES PLANTED,ACRE,125000
2021,SOUTH CAROLINA,45,WHEAT, YIELD, MEASURED IN BU / ACRE,53
2021,SOUTH DAKOTA,46,WHEAT, ACRES HARVESTED,ACRE,1290000
2021,SOUTH DAKOTA,46,WHEAT, ACRES PLANTED,ACRE,1520000
2021,SOUTH DAKOTA,46,WHEAT, YIELD, MEASURED IN BU / ACRE,34
2021,TENNESSEE,47,WHEAT, ACRES HARVESTED,ACRE,330000
2021,TENNESSEE,47,WHEAT, ACRES PLANTED,ACRE,400000
2021,TENNESSEE,47,WHEAT, YIELD, MEASURED IN BU / ACRE,71
2021,TEXAS,48,WHEAT, ACRES HARVESTED,ACRE,2000000
2021,TEXAS,48,WHEAT, ACRES PLANTED,ACRE,5500000
2021,TEXAS,48,WHEAT, YIELD, MEASURED IN BU / ACRE,37
2021,UTAH,49,WHEAT, ACRES HARVESTED,ACRE,93000
2021,UTAH,49,WHEAT, ACRES PLANTED,ACRE,110000
2021,UTAH,49,WHEAT, YIELD, MEASURED IN BU / ACRE,46
2021,VIRGINIA,51,WHEAT, ACRES HARVESTED,ACRE,120000
2021,VIRGINIA,51,WHEAT, ACRES PLANTED,ACRE,205000
2021,VIRGINIA,51,WHEAT, YIELD, MEASURED IN BU / ACRE,67
2021,WASHINGTON,53,WHEAT, ACRES HARVESTED,ACRE,2230000
2021,WASHINGTON,53,WHEAT, ACRES PLANTED,ACRE,2330000
2021,WASHINGTON,53,WHEAT, YIELD, MEASURED IN BU / ACRE,39.1
2021,WISCONSIN,55,WHEAT, ACRES HARVESTED,ACRE,245000
2021,WISCONSIN,55,WHEAT, ACRES PLANTED,ACRE,290000
2021,WISCONSIN,55,WHEAT, YIELD, MEASURED IN BU / ACRE,75
2021,WYOMING,56,WHEAT, ACRES HARVESTED,ACRE,95000
2021,WYOMING,56,WHEAT, ACRES PLANTED,ACRE,115000
2021,WYOMING,56,WHEAT, YIELD, MEASURED IN BU / ACRE,32
2020,ALABAMA,1,WHEAT, ACRES HARVESTED,ACRE,70000
2020,ALABAMA,1,WHEAT, ACRES PLANTED,ACRE,135000
2020,ALABAMA,1,WHEAT, YIELD, MEASURED IN BU / ACRE,72
2020,ARIZONA,4,WHEAT, ACRES HARVESTED,ACRE,49000
2020,ARIZONA,4,WHEAT, ACRES PLANTED,ACRE,50000
2020,ARIZONA,4,WHEAT, YIELD, MEASURED IN BU / ACRE,99
2020,ARKANSAS,5,WHEAT, ACRES HARVESTED,ACRE,75000
2020,ARKANSAS,5,WHEAT, ACRES PLANTED,ACRE,145000
2020,ARKANSAS,5,WHEAT, YIELD, MEASURED IN BU / ACRE,55
2020,CALIFORNIA,6,WHEAT, ACRES HARVESTED,ACRE,102000
2020,CALIFORNIA,6,WHEAT, ACRES PLANTED,ACRE,410000
2020,CALIFORNIA,6,WHEAT, YIELD, MEASURED IN BU / ACRE,77
2020,COLORADO,8,WHEAT, ACRES HARVESTED,ACRE,1520000
2020,COLORADO,8,WHEAT, ACRES PLANTED,ACRE,1900000
2020,COLORADO,8,WHEAT, YIELD, MEASURED IN BU / ACRE,27
2020,DELAWARE,10,WHEAT, ACRES HARVESTED,ACRE,55000
2020,DELAWARE,10,WHEAT, ACRES PLANTED,ACRE,75000
2020,DELAWARE,10,WHEAT, YIELD, MEASURED IN BU / ACRE,73
2020,GEORGIA,13,WHEAT, ACRES HARVESTED,ACRE,85000
2020,GEORGIA,13,WHEAT, ACRES PLANTED,ACRE,190000
2020,GEORGIA,13,WHEAT, YIELD, MEASURED IN BU / ACRE,55
2020,IDAHO,16,WHEAT, ACRES HARVESTED,ACRE,1164000
2020,IDAHO,16,WHEAT, ACRES PLANTED,ACRE,1240000
2020,IDAHO,16,WHEAT, YIELD, MEASURED IN BU / ACRE,96.7
2020,ILLINOIS,17,WHEAT, ACRES HARVESTED,ACRE,520000
2020,ILLINOIS,17,WHEAT, ACRES PLANTED,ACRE,570000
2020,ILLINOIS,17,WHEAT, YIELD, MEASURED IN BU / ACRE,68
2020,INDIANA,18,WHEAT, ACRES HARVESTED,ACRE,250000
2020,INDIANA,18,WHEAT, ACRES PLANTED,ACRE,300000
2020,INDIANA,18,WHEAT, YIELD, MEASURED IN BU / ACRE,70
2020,KANSAS,20,WHEAT, ACRES HARVESTED,ACRE,6250000
2020,KANSAS,20,WHEAT, ACRES PLANTED,ACRE,6600000
2020,KANSAS,20,WHEAT, YIELD, MEASURED IN BU / ACRE,45
2020,KENTUCKY,21,WHEAT, ACRES HARVESTED,ACRE,340000
2020,KENTUCKY,21,WHEAT, ACRES PLANTED,ACRE,510000
2020,KENTUCKY,21,WHEAT, YIELD, MEASURED IN BU / ACRE,63
2020,MARYLAND,24,WHEAT, ACRES HARVESTED,ACRE,150000
2020,MARYLAND,24,WHEAT, ACRES PLANTED,ACRE,355000
2020,MARYLAND,24,WHEAT, YIELD, MEASURED IN BU / ACRE,73
2020,MICHIGAN,26,WHEAT, ACRES HARVESTED,ACRE,450000
2020,MICHIGAN,26,WHEAT, ACRES PLANTED,ACRE,490000
2020,MICHIGAN,26,WHEAT, YIELD, MEASURED IN BU / ACRE,75
2020,MINNESOTA,27,WHEAT, ACRES HARVESTED,ACRE,1360000
2020,MINNESOTA,27,WHEAT, ACRES PLANTED,ACRE,1430000
2020,MINNESOTA,27,WHEAT, YIELD, MEASURED IN BU / ACRE,53
2020,MISSISSIPPI,28,WHEAT, ACRES HARVESTED,ACRE,20000
2020,MISSISSIPPI,28,WHEAT, ACRES PLANTED,ACRE,40000
2020,MISSISSIPPI,28,WHEAT, YIELD, MEASURED IN BU / ACRE,48
2020,MISSOURI,29,WHEAT, ACRES HARVESTED,ACRE,370000
2020,MISSOURI,29,WHEAT, ACRES PLANTED,ACRE,480000
2020,MISSOURI,29,WHEAT, YIELD, MEASURED IN BU / ACRE,62
2020,MONTANA,30,WHEAT, ACRES HARVESTED,ACRE,5490000
2020,MONTANA,30,WHEAT, ACRES PLANTED,ACRE,5595000
2020,MONTANA,30,WHEAT, YIELD, MEASURED IN BU / ACRE,41.7
2020,NEBRASKA,31,WHEAT, ACRES HARVESTED,ACRE,830000
2020,NEBRASKA,31,WHEAT, ACRES PLANTED,ACRE,900000
2020,NEBRASKA,31,WHEAT, YIELD, MEASURED IN BU / ACRE,41
2020,NEW JERSEY,34,WHEAT, ACRES HARVESTED,ACRE,18000
2020,NEW JERSEY,34,WHEAT, ACRES PLANTED,ACRE,25000
2020,NEW JERSEY,34,WHEAT, YIELD, MEASURED IN BU / ACRE,67
2020,NEW MEXICO,35,WHEAT, ACRES HARVESTED,ACRE,115000
2020,NEW MEXICO,35,WHEAT, ACRES PLANTED,ACRE,335000
2020,NEW MEXICO,35,WHEAT, YIELD, MEASURED IN BU / ACRE,28
2020,NEW YORK,36,WHEAT, ACRES HARVESTED,ACRE,120000
2020,NEW YORK,36,WHEAT, ACRES PLANTED,ACRE,150000
2020,NEW YORK,36,WHEAT, YIELD, MEASURED IN BU / ACRE,66
2020,NORTH CAROLINA,37,WHEAT, ACRES HARVESTED,ACRE,350000
2020,NORTH CAROLINA,37,WHEAT, ACRES PLANTED,ACRE,450000
2020,NORTH CAROLINA,37,WHEAT, YIELD, MEASURED IN BU / ACRE,60
2020,NORTH DAKOTA,38,WHEAT, ACRES HARVESTED,ACRE,6563000
2020,NORTH DAKOTA,38,WHEAT, ACRES PLANTED,ACRE,6650000
2020,NORTH DAKOTA,38,WHEAT, YIELD, MEASURED IN BU / ACRE,47.6
2020,OHIO,39,WHEAT, ACRES HARVESTED,ACRE,490000
2020,OHIO,39,WHEAT, ACRES PLANTED,ACRE,530000
2020,OHIO,39,WHEAT, YIELD, MEASURED IN BU / ACRE,71
2020,OKLAHOMA,40,WHEAT, ACRES HARVESTED,ACRE,2600000
2020,OKLAHOMA,40,WHEAT, ACRES PLANTED,ACRE,4250000
2020,OKLAHOMA,40,WHEAT, YIELD, MEASURED IN BU / ACRE,40
2020,OREGON,41,WHEAT, ACRES HARVESTED,ACRE,725000
2020,OREGON,41,WHEAT, ACRES PLANTED,ACRE,740000
2020,OREGON,41,WHEAT, YIELD, MEASURED IN BU / ACRE,64
2020,PENNSYLVANIA,42,WHEAT, ACRES HARVESTED,ACRE,190000
2020,PENNSYLVANIA,42,WHEAT, ACRES PLANTED,ACRE,235000
2020,PENNSYLVANIA,42,WHEAT, YIELD, MEASURED IN BU / ACRE,71
2020,SOUTH CAROLINA,45,WHEAT, ACRES HARVESTED,ACRE,95000
2020,SOUTH CAROLINA,45,WHEAT, ACRES PLANTED,ACRE,110000
2020,SOUTH CAROLINA,45,WHEAT, YIELD, MEASURED IN BU / ACRE,51
2020,SOUTH DAKOTA,46,WHEAT, ACRES HARVESTED,ACRE,1355000
2020,SOUTH DAKOTA,46,WHEAT, ACRES PLANTED,ACRE,1400000
2020,SOUTH DAKOTA,46,WHEAT, YIELD, MEASURED IN BU / ACRE,51.9
2020,TENNESSEE,47,WHEAT, ACRES HARVESTED,ACRE,230000
2020,TENNESSEE,47,WHEAT, ACRES PLANTED,ACRE,300000
2020,TENNESSEE,47,WHEAT, YIELD, MEASURED IN BU / ACRE,59
2020,TEXAS,48,WHEAT, ACRES HARVESTED,ACRE,2050000
2020,TEXAS,48,WHEAT, ACRES PLANTED,ACRE,4900000
2020,TEXAS,48,WHEAT, YIELD, MEASURED IN BU / ACRE,30
2020,UTAH,49,WHEAT, ACRES HARVESTED,ACRE,98000
2020,UTAH,49,WHEAT, ACRES PLANTED,ACRE,110000
2020,UTAH,49,WHEAT, YIELD, MEASURED IN BU / ACRE,53
2020,VIRGINIA,51,WHEAT, ACRES HARVESTED,ACRE,130000
2020,VIRGINIA,51,WHEAT, ACRES PLANTED,ACRE,220000
2020,VIRGINIA,51,WHEAT, YIELD, MEASURED IN BU / ACRE,60
2020,WASHINGTON,53,WHEAT, ACRES HARVESTED,ACRE,2295000
2020,WASHINGTON,53,WHEAT, ACRES PLANTED,ACRE,2350000
2020,WASHINGTON,53,WHEAT, YIELD, MEASURED IN BU / ACRE,72.4
2020,WISCONSIN,55,WHEAT, ACRES HARVESTED,ACRE,125000
2020,WISCONSIN,55,WHEAT, ACRES PLANTED,ACRE,160000
2020,WISCONSIN,55,WHEAT, YIELD, MEASURED IN BU / ACRE,69
2020,WYOMING,56,WHEAT, ACRES HARVESTED,ACRE,90000
2020,WYOMING,56,WHEAT, ACRES PLANTED,ACRE,120000
2020,WYOMING,56,WHEAT, YIELD, MEASURED IN BU / ACRE,26
2019,ALABAMA,1,WHEAT, ACRES HARVESTED,ACRE,85000
2019,ALABAMA,1,WHEAT, ACRES PLANTED,ACRE,130000
2019,ALABAMA,1,WHEAT, YIELD, MEASURED IN BU / ACRE,72
2019,ARIZONA,4,WHEAT, ACRES HARVESTED,ACRE,35000
2019,ARIZONA,4,WHEAT, ACRES PLANTED,ACRE,36000
2019,ARIZONA,4,WHEAT, YIELD, MEASURED IN BU / ACRE,104
2019,ARKANSAS,5,WHEAT, ACRES HARVESTED,ACRE,50000
2019,ARKANSAS,5,WHEAT, ACRES PLANTED,ACRE,110000
2019,ARKANSAS,5,WHEAT, YIELD, MEASURED IN BU / ACRE,52
2019,CALIFORNIA,6,WHEAT, ACRES HARVESTED,ACRE,122000
2019,CALIFORNIA,6,WHEAT, ACRES PLANTED,ACRE,420000
2019,CALIFORNIA,6,WHEAT, YIELD, MEASURED IN BU / ACRE,59.4
2019,COLORADO,8,WHEAT, ACRES HARVESTED,ACRE,2000000
2019,COLORADO,8,WHEAT, ACRES PLANTED,ACRE,2150000
2019,COLORADO,8,WHEAT, YIELD, MEASURED IN BU / ACRE,49
2019,DELAWARE,10,WHEAT, ACRES HARVESTED,ACRE,50000
2019,DELAWARE,10,WHEAT, ACRES PLANTED,ACRE,60000
2019,DELAWARE,10,WHEAT, YIELD, MEASURED IN BU / ACRE,72
2019,GEORGIA,13,WHEAT, ACRES HARVESTED,ACRE,50000
2019,GEORGIA,13,WHEAT, ACRES PLANTED,ACRE,150000
2019,GEORGIA,13,WHEAT, YIELD, MEASURED IN BU / ACRE,56
2019,IDAHO,16,WHEAT, ACRES HARVESTED,ACRE,1125000
2019,IDAHO,16,WHEAT, ACRES PLANTED,ACRE,1195000
2019,IDAHO,16,WHEAT, YIELD, MEASURED IN BU / ACRE,87.8
2019,ILLINOIS,17,WHEAT, ACRES HARVESTED,ACRE,550000
2019,ILLINOIS,17,WHEAT, ACRES PLANTED,ACRE,650000
2019,ILLINOIS,17,WHEAT, YIELD, MEASURED IN BU / ACRE,67
2019,INDIANA,18,WHEAT, ACRES HARVESTED,ACRE,260000
2019,INDIANA,18,WHEAT, ACRES PLANTED,ACRE,330000
2019,INDIANA,18,WHEAT, YIELD, MEASURED IN BU / ACRE,62
2019,KANSAS,20,WHEAT, ACRES HARVESTED,ACRE,6700000
2019,KANSAS,20,WHEAT, ACRES PLANTED,ACRE,7100000
2019,KANSAS,20,WHEAT, YIELD, MEASURED IN BU / ACRE,52
2019,KENTUCKY,21,WHEAT, ACRES HARVESTED,ACRE,330000
2019,KENTUCKY,21,WHEAT, ACRES PLANTED,ACRE,460000
2019,KENTUCKY,21,WHEAT, YIELD, MEASURED IN BU / ACRE,76
2019,MARYLAND,24,WHEAT, ACRES HARVESTED,ACRE,165000
2019,MARYLAND,24,WHEAT, ACRES PLANTED,ACRE,345000
2019,MARYLAND,24,WHEAT, YIELD, MEASURED IN BU / ACRE,75
2019,MICHIGAN,26,WHEAT, ACRES HARVESTED,ACRE,490000
2019,MICHIGAN,26,WHEAT, ACRES PLANTED,ACRE,550000
2019,MICHIGAN,26,WHEAT, YIELD, MEASURED IN BU / ACRE,71
2019,MINNESOTA,27,WHEAT, ACRES HARVESTED,ACRE,1400000
2019,MINNESOTA,27,WHEAT, ACRES PLANTED,ACRE,1450000
2019,MINNESOTA,27,WHEAT, YIELD, MEASURED IN BU / ACRE,57
2019,MISSISSIPPI,28,WHEAT, ACRES HARVESTED,ACRE,21000
2019,MISSISSIPPI,28,WHEAT, ACRES PLANTED,ACRE,45000
2019,MISSISSIPPI,28,WHEAT, YIELD, MEASURED IN BU / ACRE,47
2019,MISSOURI,29,WHEAT, ACRES HARVESTED,ACRE,390000
2019,MISSOURI,29,WHEAT, ACRES PLANTED,ACRE,550000
2019,MISSOURI,29,WHEAT, YIELD, MEASURED IN BU / ACRE,63
2019,MONTANA,30,WHEAT, ACRES HARVESTED,ACRE,5135000
2019,MONTANA,30,WHEAT, ACRES PLANTED,ACRE,5450000
2019,MONTANA,30,WHEAT, YIELD, MEASURED IN BU / ACRE,42.4
2019,NEBRASKA,31,WHEAT, ACRES HARVESTED,ACRE,970000
2019,NEBRASKA,31,WHEAT, ACRES PLANTED,ACRE,1070000
2019,NEBRASKA,31,WHEAT, YIELD, MEASURED IN BU / ACRE,57
2019,NEW JERSEY,34,WHEAT, ACRES HARVESTED,ACRE,14000
2019,NEW JERSEY,34,WHEAT, ACRES PLANTED,ACRE,19000
2019,NEW JERSEY,34,WHEAT, YIELD, MEASURED IN BU / ACRE,66
2019,NEW MEXICO,35,WHEAT, ACRES HARVESTED,ACRE,110000
2019,NEW MEXICO,35,WHEAT, ACRES PLANTED,ACRE,365000
2019,NEW MEXICO,35,WHEAT, YIELD, MEASURED IN BU / ACRE,30
2019,NEW YORK,36,WHEAT, ACRES HARVESTED,ACRE,66000
2019,NEW YORK,36,WHEAT, ACRES PLANTED,ACRE,90000
2019,NEW YORK,36,WHEAT, YIELD, MEASURED IN BU / ACRE,63
2019,NORTH CAROLINA,37,WHEAT, ACRES HARVESTED,ACRE,225000
2019,NORTH CAROLINA,37,WHEAT, ACRES PLANTED,ACRE,290000
2019,NORTH CAROLINA,37,WHEAT, YIELD, MEASURED IN BU / ACRE,56
2019,NORTH DAKOTA,38,WHEAT, ACRES HARVESTED,ACRE,6630000
2019,NORTH DAKOTA,38,WHEAT, ACRES PLANTED,ACRE,7505000
2019,NORTH DAKOTA,38,WHEAT, YIELD, MEASURED IN BU / ACRE,48.4
2019,OHIO,39,WHEAT, ACRES HARVESTED,ACRE,385000
2019,OHIO,39,WHEAT, ACRES PLANTED,ACRE,500000
2019,OHIO,39,WHEAT, YIELD, MEASURED IN BU / ACRE,56
2019,OKLAHOMA,40,WHEAT, ACRES HARVESTED,ACRE,2750000
2019,OKLAHOMA,40,WHEAT, ACRES PLANTED,ACRE,4200000
2019,OKLAHOMA,40,WHEAT, YIELD, MEASURED IN BU / ACRE,40
2019,OREGON,41,WHEAT, ACRES HARVESTED,ACRE,730000
2019,OREGON,41,WHEAT, ACRES PLANTED,ACRE,740000
2019,OREGON,41,WHEAT, YIELD, MEASURED IN BU / ACRE,68
2019,PENNSYLVANIA,42,WHEAT, ACRES HARVESTED,ACRE,140000
2019,PENNSYLVANIA,42,WHEAT, ACRES PLANTED,ACRE,180000
2019,PENNSYLVANIA,42,WHEAT, YIELD, MEASURED IN BU / ACRE,73
2019,SOUTH CAROLINA,45,WHEAT, ACRES HARVESTED,ACRE,45000
2019,SOUTH CAROLINA,45,WHEAT, ACRES PLANTED,ACRE,70000
2019,SOUTH CAROLINA,45,WHEAT, YIELD, MEASURED IN BU / ACRE,48
2019,SOUTH DAKOTA,46,WHEAT, ACRES HARVESTED,ACRE,1360000
2019,SOUTH DAKOTA,46,WHEAT, ACRES PLANTED,ACRE,1500000
2019,SOUTH DAKOTA,46,WHEAT, YIELD, MEASURED IN BU / ACRE,48.1
2019,TENNESSEE,47,WHEAT, ACRES HARVESTED,ACRE,215000
2019,TENNESSEE,47,WHEAT, ACRES PLANTED,ACRE,280000
2019,TENNESSEE,47,WHEAT, YIELD, MEASURED IN BU / ACRE,67
2019,TEXAS,48,WHEAT, ACRES HARVESTED,ACRE,2100000
2019,TEXAS,48,WHEAT, ACRES PLANTED,ACRE,4600000
2019,TEXAS,48,WHEAT, YIELD, MEASURED IN BU / ACRE,34
2019,UTAH,49,WHEAT, ACRES HARVESTED,ACRE,116000
2019,UTAH,49,WHEAT, ACRES PLANTED,ACRE,125000
2019,UTAH,49,WHEAT, YIELD, MEASURED IN BU / ACRE,54
2019,VIRGINIA,51,WHEAT, ACRES HARVESTED,ACRE,105000
2019,VIRGINIA,51,WHEAT, ACRES PLANTED,ACRE,180000
2019,VIRGINIA,51,WHEAT, YIELD, MEASURED IN BU / ACRE,62
2019,WASHINGTON,53,WHEAT, ACRES HARVESTED,ACRE,2215000
2019,WASHINGTON,53,WHEAT, ACRES PLANTED,ACRE,2270000
2019,WASHINGTON,53,WHEAT, YIELD, MEASURED IN BU / ACRE,64.7
2019,WISCONSIN,55,WHEAT, ACRES HARVESTED,ACRE,150000
2019,WISCONSIN,55,WHEAT, ACRES PLANTED,ACRE,195000
2019,WISCONSIN,55,WHEAT, YIELD, MEASURED IN BU / ACRE,64
2019,WYOMING,56,WHEAT, ACRES HARVESTED,ACRE,110000
2019,WYOMING,56,WHEAT, ACRES PLANTED,ACRE,125000
2019,WYOMING,56,WHEAT, YIELD, MEASURED IN BU / ACRE,43
2018,ALABAMA,1,WHEAT, ACRES HARVESTED,ACRE,110000
2018,ALABAMA,1,WHEAT, ACRES PLANTED,ACRE,160000
2018,ALABAMA,1,WHEAT, YIELD, MEASURED IN BU / ACRE,72
2018,ARIZONA,4,WHEAT, ACRES HARVESTED,ACRE,77000
2018,ARIZONA,4,WHEAT, ACRES PLANTED,ACRE,96000
2018,ARIZONA,4,WHEAT, YIELD, MEASURED IN BU / ACRE,102.6
2018,ARKANSAS,5,WHEAT, ACRES HARVESTED,ACRE,95000
2018,ARKANSAS,5,WHEAT, ACRES PLANTED,ACRE,175000
2018,ARKANSAS,5,WHEAT, YIELD, MEASURED IN BU / ACRE,55
2018,CALIFORNIA,6,WHEAT, ACRES HARVESTED,ACRE,147000
2018,CALIFORNIA,6,WHEAT, ACRES PLANTED,ACRE,425000
2018,CALIFORNIA,6,WHEAT, YIELD, MEASURED IN BU / ACRE,81.5
2018,COLORADO,8,WHEAT, ACRES HARVESTED,ACRE,1954000
2018,COLORADO,8,WHEAT, ACRES PLANTED,ACRE,2260000
2018,COLORADO,8,WHEAT, YIELD, MEASURED IN BU / ACRE,36.1
2018,DELAWARE,10,WHEAT, ACRES HARVESTED,ACRE,45000
2018,DELAWARE,10,WHEAT, ACRES PLANTED,ACRE,75000
2018,DELAWARE,10,WHEAT, YIELD, MEASURED IN BU / ACRE,71
2018,FLORIDA,12,WHEAT, ACRES HARVESTED,ACRE,10000
2018,FLORIDA,12,WHEAT, ACRES PLANTED,ACRE,15000
2018,FLORIDA,12,WHEAT, YIELD, MEASURED IN BU / ACRE,36
2018,GEORGIA,13,WHEAT, ACRES HARVESTED,ACRE,70000
2018,GEORGIA,13,WHEAT, ACRES PLANTED,ACRE,200000
2018,GEORGIA,13,WHEAT, YIELD, MEASURED IN BU / ACRE,54
2018,IDAHO,16,WHEAT, ACRES HARVESTED,ACRE,1136000
2018,IDAHO,16,WHEAT, ACRES PLANTED,ACRE,1191000
2018,IDAHO,16,WHEAT, YIELD, MEASURED IN BU / ACRE,91.9
2018,ILLINOIS,17,WHEAT, ACRES HARVESTED,ACRE,560000
2018,ILLINOIS,17,WHEAT, ACRES PLANTED,ACRE,600000
2018,ILLINOIS,17,WHEAT, YIELD, MEASURED IN BU / ACRE,66
2018,INDIANA,18,WHEAT, ACRES HARVESTED,ACRE,260000
2018,INDIANA,18,WHEAT, ACRES PLANTED,ACRE,310000
2018,INDIANA,18,WHEAT, YIELD, MEASURED IN BU / ACRE,71
2018,IOWA,19,WHEAT, ACRES HARVESTED,ACRE,6000
2018,IOWA,19,WHEAT, ACRES PLANTED,ACRE,16000
2018,IOWA,19,WHEAT, YIELD, MEASURED IN BU / ACRE,58
2018,KANSAS,20,WHEAT, ACRES HARVESTED,ACRE,7300000
2018,KANSAS,20,WHEAT, ACRES PLANTED,ACRE,7700000
2018,KANSAS,20,WHEAT, YIELD, MEASURED IN BU / ACRE,38
2018,KENTUCKY,21,WHEAT, ACRES HARVESTED,ACRE,300000
2018,KENTUCKY,21,WHEAT, ACRES PLANTED,ACRE,450000
2018,KENTUCKY,21,WHEAT, YIELD, MEASURED IN BU / ACRE,66
2018,LOUISIANA,22,WHEAT, ACRES HARVESTED,ACRE,10000
2018,LOUISIANA,22,WHEAT, ACRES PLANTED,ACRE,15000
2018,LOUISIANA,22,WHEAT, YIELD, MEASURED IN BU / ACRE,65
2018,MARYLAND,24,WHEAT, ACRES HARVESTED,ACRE,200000
2018,MARYLAND,24,WHEAT, ACRES PLANTED,ACRE,360000
2018,MARYLAND,24,WHEAT, YIELD, MEASURED IN BU / ACRE,63
2018,MICHIGAN,26,WHEAT, ACRES HARVESTED,ACRE,470000
2018,MICHIGAN,26,WHEAT, ACRES PLANTED,ACRE,510000
2018,MICHIGAN,26,WHEAT, YIELD, MEASURED IN BU / ACRE,76
2018,MINNESOTA,27,WHEAT, ACRES HARVESTED,ACRE,1575000
2018,MINNESOTA,27,WHEAT, ACRES PLANTED,ACRE,1621000
2018,MINNESOTA,27,WHEAT, YIELD, MEASURED IN BU / ACRE,59
2018,MISSISSIPPI,28,WHEAT, ACRES HARVESTED,ACRE,30000
2018,MISSISSIPPI,28,WHEAT, ACRES PLANTED,ACRE,55000
2018,MISSISSIPPI,28,WHEAT, YIELD, MEASURED IN BU / ACRE,49
2018,MISSOURI,29,WHEAT, ACRES HARVESTED,ACRE,520000
2018,MISSOURI,29,WHEAT, ACRES PLANTED,ACRE,740000
2018,MISSOURI,29,WHEAT, YIELD, MEASURED IN BU / ACRE,59
2018,MONTANA,30,WHEAT, ACRES HARVESTED,ACRE,5165000
2018,MONTANA,30,WHEAT, ACRES PLANTED,ACRE,5390000
2018,MONTANA,30,WHEAT, YIELD, MEASURED IN BU / ACRE,38.3
2018,NEBRASKA,31,WHEAT, ACRES HARVESTED,ACRE,1010000
2018,NEBRASKA,31,WHEAT, ACRES PLANTED,ACRE,1100000
2018,NEBRASKA,31,WHEAT, YIELD, MEASURED IN BU / ACRE,49
2018,NEVADA,32,WHEAT, ACRES HARVESTED,ACRE,8000
2018,NEVADA,32,WHEAT, ACRES PLANTED,ACRE,23000
2018,NEVADA,32,WHEAT, YIELD, MEASURED IN BU / ACRE,112.5
2018,NEW JERSEY,34,WHEAT, ACRES HARVESTED,ACRE,15000
2018,NEW JERSEY,34,WHEAT, ACRES PLANTED,ACRE,18000
2018,NEW JERSEY,34,WHEAT, YIELD, MEASURED IN BU / ACRE,62
2018,NEW MEXICO,35,WHEAT, ACRES HARVESTED,ACRE,105000
2018,NEW MEXICO,35,WHEAT, ACRES PLANTED,ACRE,320000
2018,NEW MEXICO,35,WHEAT, YIELD, MEASURED IN BU / ACRE,15
2018,NEW YORK,36,WHEAT, ACRES HARVESTED,ACRE,95000
2018,NEW YORK,36,WHEAT, ACRES PLANTED,ACRE,110000
2018,NEW YORK,36,WHEAT, YIELD, MEASURED IN BU / ACRE,69
2018,NORTH CAROLINA,37,WHEAT, ACRES HARVESTED,ACRE,370000
2018,NORTH CAROLINA,37,WHEAT, ACRES PLANTED,ACRE,460000
2018,NORTH CAROLINA,37,WHEAT, YIELD, MEASURED IN BU / ACRE,57
2018,NORTH DAKOTA,38,WHEAT, ACRES HARVESTED,ACRE,7635000
2018,NORTH DAKOTA,38,WHEAT, ACRES PLANTED,ACRE,7735000
2018,NORTH DAKOTA,38,WHEAT, YIELD, MEASURED IN BU / ACRE,47.6
2018,OHIO,39,WHEAT, ACRES HARVESTED,ACRE,450000
2018,OHIO,39,WHEAT, ACRES PLANTED,ACRE,490000
2018,OHIO,39,WHEAT, YIELD, MEASURED IN BU / ACRE,75
2018,OKLAHOMA,40,WHEAT, ACRES HARVESTED,ACRE,2500000
2018,OKLAHOMA,40,WHEAT, ACRES PLANTED,ACRE,4400000
2018,OKLAHOMA,40,WHEAT, YIELD, MEASURED IN BU / ACRE,28
2018,OREGON,41,WHEAT, ACRES HARVESTED,ACRE,770000
2018,OREGON,41,WHEAT, ACRES PLANTED,ACRE,800000
2018,OREGON,41,WHEAT, YIELD, MEASURED IN BU / ACRE,67
2018,PENNSYLVANIA,42,WHEAT, ACRES HARVESTED,ACRE,145000
2018,PENNSYLVANIA,42,WHEAT, ACRES PLANTED,ACRE,195000
2018,PENNSYLVANIA,42,WHEAT, YIELD, MEASURED IN BU / ACRE,65
2018,SOUTH CAROLINA,45,WHEAT, ACRES HARVESTED,ACRE,65000
2018,SOUTH CAROLINA,45,WHEAT, ACRES PLANTED,ACRE,80000
2018,SOUTH CAROLINA,45,WHEAT, YIELD, MEASURED IN BU / ACRE,54
2018,SOUTH DAKOTA,46,WHEAT, ACRES HARVESTED,ACRE,1628000
2018,SOUTH DAKOTA,46,WHEAT, ACRES PLANTED,ACRE,1883000
2018,SOUTH DAKOTA,46,WHEAT, YIELD, MEASURED IN BU / ACRE,44.4
2018,TENNESSEE,47,WHEAT, ACRES HARVESTED,ACRE,285000
2018,TENNESSEE,47,WHEAT, ACRES PLANTED,ACRE,380000
2018,TENNESSEE,47,WHEAT, YIELD, MEASURED IN BU / ACRE,65
2018,TEXAS,48,WHEAT, ACRES HARVESTED,ACRE,1750000
2018,TEXAS,48,WHEAT, ACRES PLANTED,ACRE,4500000
2018,TEXAS,48,WHEAT, YIELD, MEASURED IN BU / ACRE,32
2018,UTAH,49,WHEAT, ACRES HARVESTED,ACRE,103000
2018,UTAH,49,WHEAT, ACRES PLANTED,ACRE,130000
2018,UTAH,49,WHEAT, YIELD, MEASURED IN BU / ACRE,52
2018,VIRGINIA,51,WHEAT, ACRES HARVESTED,ACRE,155000
2018,VIRGINIA,51,WHEAT, ACRES PLANTED,ACRE,230000
2018,VIRGINIA,51,WHEAT, YIELD, MEASURED IN BU / ACRE,60
2018,WASHINGTON,53,WHEAT, ACRES HARVESTED,ACRE,2165000
2018,WASHINGTON,53,WHEAT, ACRES PLANTED,ACRE,2220000
2018,WASHINGTON,53,WHEAT, YIELD, MEASURED IN BU / ACRE,70.8
2018,WEST VIRGINIA,54,WHEAT, ACRES HARVESTED,ACRE,3000
2018,WEST VIRGINIA,54,WHEAT, ACRES PLANTED,ACRE,7000
2018,WEST VIRGINIA,54,WHEAT, YIELD, MEASURED IN BU / ACRE,46
2018,WISCONSIN,55,WHEAT, ACRES HARVESTED,ACRE,200000
2018,WISCONSIN,55,WHEAT, ACRES PLANTED,ACRE,240000
2018,WISCONSIN,55,WHEAT, YIELD, MEASURED IN BU / ACRE,71
2018,WYOMING,56,WHEAT, ACRES HARVESTED,ACRE,115000
2018,WYOMING,56,WHEAT, ACRES PLANTED,ACRE,130000
2018,WYOMING,56,WHEAT, YIELD, MEASURED IN BU / ACRE,34
2017,ALABAMA,1,WHEAT, ACRES HARVESTED,ACRE,100000
2017,ALABAMA,1,WHEAT, ACRES PLANTED,ACRE,150000
2017,ALABAMA,1,WHEAT, YIELD, MEASURED IN BU / ACRE,77
2017,ARIZONA,4,WHEAT, ACRES HARVESTED,ACRE,105000
2017,ARIZONA,4,WHEAT, ACRES PLANTED,ACRE,115000
2017,ARIZONA,4,WHEAT, YIELD, MEASURED IN BU / ACRE,100.8
2017,ARKANSAS,5,WHEAT, ACRES HARVESTED,ACRE,125000
2017,ARKANSAS,5,WHEAT, ACRES PLANTED,ACRE,200000
2017,ARKANSAS,5,WHEAT, YIELD, MEASURED IN BU / ACRE,52
2017,CALIFORNIA,6,WHEAT, ACRES HARVESTED,ACRE,182000
2017,CALIFORNIA,6,WHEAT, ACRES PLANTED,ACRE,420000
2017,CALIFORNIA,6,WHEAT, YIELD, MEASURED IN BU / ACRE,68.2
2017,COLORADO,8,WHEAT, ACRES HARVESTED,ACRE,2029000
2017,COLORADO,8,WHEAT, ACRES PLANTED,ACRE,2260000
2017,COLORADO,8,WHEAT, YIELD, MEASURED IN BU / ACRE,43.2
2017,DELAWARE,10,WHEAT, ACRES HARVESTED,ACRE,60000
2017,DELAWARE,10,WHEAT, ACRES PLANTED,ACRE,75000
2017,DELAWARE,10,WHEAT, YIELD, MEASURED IN BU / ACRE,73
2017,FLORIDA,12,WHEAT, ACRES HARVESTED,ACRE,10000
2017,FLORIDA,12,WHEAT, ACRES PLANTED,ACRE,20000
2017,FLORIDA,12,WHEAT, YIELD, MEASURED IN BU / ACRE,37
2017,GEORGIA,13,WHEAT, ACRES HARVESTED,ACRE,70000
2017,GEORGIA,13,WHEAT, ACRES PLANTED,ACRE,160000
2017,GEORGIA,13,WHEAT, YIELD, MEASURED IN BU / ACRE,47
2017,IDAHO,16,WHEAT, ACRES HARVESTED,ACRE,1109000
2017,IDAHO,16,WHEAT, ACRES PLANTED,ACRE,1175000
2017,IDAHO,16,WHEAT, YIELD, MEASURED IN BU / ACRE,81.8
2017,ILLINOIS,17,WHEAT, ACRES HARVESTED,ACRE,470000
2017,ILLINOIS,17,WHEAT, ACRES PLANTED,ACRE,500000
2017,ILLINOIS,17,WHEAT, YIELD, MEASURED IN BU / ACRE,76
2017,INDIANA,18,WHEAT, ACRES HARVESTED,ACRE,240000
2017,INDIANA,18,WHEAT, ACRES PLANTED,ACRE,290000
2017,INDIANA,18,WHEAT, YIELD, MEASURED IN BU / ACRE,74
2017,IOWA,19,WHEAT, ACRES HARVESTED,ACRE,8000
2017,IOWA,19,WHEAT, ACRES PLANTED,ACRE,16000
2017,IOWA,19,WHEAT, YIELD, MEASURED IN BU / ACRE,68
2017,KANSAS,20,WHEAT, ACRES HARVESTED,ACRE,6950000
2017,KANSAS,20,WHEAT, ACRES PLANTED,ACRE,7600000
2017,KANSAS,20,WHEAT, YIELD, MEASURED IN BU / ACRE,48
2017,KENTUCKY,21,WHEAT, ACRES HARVESTED,ACRE,310000
2017,KENTUCKY,21,WHEAT, ACRES PLANTED,ACRE,480000
2017,KENTUCKY,21,WHEAT, YIELD, MEASURED IN BU / ACRE,77
2017,LOUISIANA,22,WHEAT, ACRES HARVESTED,ACRE,13000
2017,LOUISIANA,22,WHEAT, ACRES PLANTED,ACRE,20000
2017,LOUISIANA,22,WHEAT, YIELD, MEASURED IN BU / ACRE,46
2017,MARYLAND,24,WHEAT, ACRES HARVESTED,ACRE,185000
2017,MARYLAND,24,WHEAT, ACRES PLANTED,ACRE,410000
2017,MARYLAND,24,WHEAT, YIELD, MEASURED IN BU / ACRE,71
2017,MICHIGAN,26,WHEAT, ACRES HARVESTED,ACRE,425000
2017,MICHIGAN,26,WHEAT, ACRES PLANTED,ACRE,480000
2017,MICHIGAN,26,WHEAT, YIELD, MEASURED IN BU / ACRE,79
2017,MINNESOTA,27,WHEAT, ACRES HARVESTED,ACRE,1135000
2017,MINNESOTA,27,WHEAT, ACRES PLANTED,ACRE,1170000
2017,MINNESOTA,27,WHEAT, YIELD, MEASURED IN BU / ACRE,66.9
2017,MISSISSIPPI,28,WHEAT, ACRES HARVESTED,ACRE,25000
2017,MISSISSIPPI,28,WHEAT, ACRES PLANTED,ACRE,45000
2017,MISSISSIPPI,28,WHEAT, YIELD, MEASURED IN BU / ACRE,58
2017,MISSOURI,29,WHEAT, ACRES HARVESTED,ACRE,540000
2017,MISSOURI,29,WHEAT, ACRES PLANTED,ACRE,640000
2017,MISSOURI,29,WHEAT, YIELD, MEASURED IN BU / ACRE,68
2017,MONTANA,30,WHEAT, ACRES HARVESTED,ACRE,4665000
2017,MONTANA,30,WHEAT, ACRES PLANTED,ACRE,5140000
2017,MONTANA,30,WHEAT, YIELD, MEASURED IN BU / ACRE,27.3
2017,NEBRASKA,31,WHEAT, ACRES HARVESTED,ACRE,1020000
2017,NEBRASKA,31,WHEAT, ACRES PLANTED,ACRE,1120000
2017,NEBRASKA,31,WHEAT, YIELD, MEASURED IN BU / ACRE,46
2017,NEVADA,32,WHEAT, ACRES HARVESTED,ACRE,14000
2017,NEVADA,32,WHEAT, ACRES PLANTED,ACRE,29000
2017,NEVADA,32,WHEAT, YIELD, MEASURED IN BU / ACRE,105.7
2017,NEW JERSEY,34,WHEAT, ACRES HARVESTED,ACRE,17000
2017,NEW JERSEY,34,WHEAT, ACRES PLANTED,ACRE,23000
2017,NEW JERSEY,34,WHEAT, YIELD, MEASURED IN BU / ACRE,64
2017,NEW MEXICO,35,WHEAT, ACRES HARVESTED,ACRE,135000
2017,NEW MEXICO,35,WHEAT, ACRES PLANTED,ACRE,330000
2017,NEW MEXICO,35,WHEAT, YIELD, MEASURED IN BU / ACRE,30
2017,NEW YORK,36,WHEAT, ACRES HARVESTED,ACRE,125000
2017,NEW YORK,36,WHEAT, ACRES PLANTED,ACRE,140000
2017,NEW YORK,36,WHEAT, YIELD, MEASURED IN BU / ACRE,67
2017,NORTH CAROLINA,37,WHEAT, ACRES HARVESTED,ACRE,375000
2017,NORTH CAROLINA,37,WHEAT, ACRES PLANTED,ACRE,450000
2017,NORTH CAROLINA,37,WHEAT, YIELD, MEASURED IN BU / ACRE,55
2017,NORTH DAKOTA,38,WHEAT, ACRES HARVESTED,ACRE,6260000
2017,NORTH DAKOTA,38,WHEAT, ACRES PLANTED,ACRE,6680000
2017,NORTH DAKOTA,38,WHEAT, YIELD, MEASURED IN BU / ACRE,37.9
2017,OHIO,39,WHEAT, ACRES HARVESTED,ACRE,460000
2017,OHIO,39,WHEAT, ACRES PLANTED,ACRE,490000
2017,OHIO,39,WHEAT, YIELD, MEASURED IN BU / ACRE,74
2017,OKLAHOMA,40,WHEAT, ACRES HARVESTED,ACRE,2900000
2017,OKLAHOMA,40,WHEAT, ACRES PLANTED,ACRE,4500000
2017,OKLAHOMA,40,WHEAT, YIELD, MEASURED IN BU / ACRE,34
2017,OREGON,41,WHEAT, ACRES HARVESTED,ACRE,763000
2017,OREGON,41,WHEAT, ACRES PLANTED,ACRE,775000
2017,OREGON,41,WHEAT, YIELD, MEASURED IN BU / ACRE,63
2017,PENNSYLVANIA,42,WHEAT, ACRES HARVESTED,ACRE,150000
2017,PENNSYLVANIA,42,WHEAT, ACRES PLANTED,ACRE,210000
2017,PENNSYLVANIA,42,WHEAT, YIELD, MEASURED IN BU / ACRE,72
2017,SOUTH CAROLINA,45,WHEAT, ACRES HARVESTED,ACRE,75000
2017,SOUTH CAROLINA,45,WHEAT, ACRES PLANTED,ACRE,90000
2017,SOUTH CAROLINA,45,WHEAT, YIELD, MEASURED IN BU / ACRE,49
2017,SOUTH DAKOTA,46,WHEAT, ACRES HARVESTED,ACRE,1196000
2017,SOUTH DAKOTA,46,WHEAT, ACRES PLANTED,ACRE,1887000
2017,SOUTH DAKOTA,46,WHEAT, YIELD, MEASURED IN BU / ACRE,34.8
2017,TENNESSEE,47,WHEAT, ACRES HARVESTED,ACRE,275000
2017,TENNESSEE,47,WHEAT, ACRES PLANTED,ACRE,370000
2017,TENNESSEE,47,WHEAT, YIELD, MEASURED IN BU / ACRE,70
2017,TEXAS,48,WHEAT, ACRES HARVESTED,ACRE,2350000
2017,TEXAS,48,WHEAT, ACRES PLANTED,ACRE,4700000
2017,TEXAS,48,WHEAT, YIELD, MEASURED IN BU / ACRE,29
2017,UTAH,49,WHEAT, ACRES HARVESTED,ACRE,120000
2017,UTAH,49,WHEAT, ACRES PLANTED,ACRE,134000
2017,UTAH,49,WHEAT, YIELD, MEASURED IN BU / ACRE,52
2017,VIRGINIA,51,WHEAT, ACRES HARVESTED,ACRE,145000
2017,VIRGINIA,51,WHEAT, ACRES PLANTED,ACRE,210000
2017,VIRGINIA,51,WHEAT, YIELD, MEASURED IN BU / ACRE,66
2017,WASHINGTON,53,WHEAT, ACRES HARVESTED,ACRE,2140000
2017,WASHINGTON,53,WHEAT, ACRES PLANTED,ACRE,2195000
2017,WASHINGTON,53,WHEAT, YIELD, MEASURED IN BU / ACRE,66.6
2017,WEST VIRGINIA,54,WHEAT, ACRES HARVESTED,ACRE,4000
2017,WEST VIRGINIA,54,WHEAT, ACRES PLANTED,ACRE,8000
2017,WEST VIRGINIA,54,WHEAT, YIELD, MEASURED IN BU / ACRE,69
2017,WISCONSIN,55,WHEAT, ACRES HARVESTED,ACRE,170000
2017,WISCONSIN,55,WHEAT, ACRES PLANTED,ACRE,210000
2017,WISCONSIN,55,WHEAT, YIELD, MEASURED IN BU / ACRE,68
2017,WYOMING,56,WHEAT, ACRES HARVESTED,ACRE,105000
2017,WYOMING,56,WHEAT, ACRES PLANTED,ACRE,135000
2017,WYOMING,56,WHEAT, YIELD, MEASURED IN BU / ACRE,28
2016,ALABAMA,1,WHEAT, ACRES HARVESTED,ACRE,170000
2016,ALABAMA,1,WHEAT, ACRES PLANTED,ACRE,230000
2016,ALABAMA,1,WHEAT, YIELD, MEASURED IN BU / ACRE,70
2016,ARIZONA,4,WHEAT, ACRES HARVESTED,ACRE,103000
2016,ARIZONA,4,WHEAT, ACRES PLANTED,ACRE,111000
2016,ARIZONA,4,WHEAT, YIELD, MEASURED IN BU / ACRE,97.8
2016,ARKANSAS,5,WHEAT, ACRES HARVESTED,ACRE,115000
2016,ARKANSAS,5,WHEAT, ACRES PLANTED,ACRE,195000
2016,ARKANSAS,5,WHEAT, YIELD, MEASURED IN BU / ACRE,54
2016,CALIFORNIA,6,WHEAT, ACRES HARVESTED,ACRE,217000
2016,CALIFORNIA,6,WHEAT, ACRES PLANTED,ACRE,480000
2016,CALIFORNIA,6,WHEAT, YIELD, MEASURED IN BU / ACRE,79.7
2016,COLORADO,8,WHEAT, ACRES HARVESTED,ACRE,2200000
2016,COLORADO,8,WHEAT, ACRES PLANTED,ACRE,2361000
2016,COLORADO,8,WHEAT, YIELD, MEASURED IN BU / ACRE,48.2
2016,DELAWARE,10,WHEAT, ACRES HARVESTED,ACRE,65000
2016,DELAWARE,10,WHEAT, ACRES PLANTED,ACRE,70000
2016,DELAWARE,10,WHEAT, YIELD, MEASURED IN BU / ACRE,67
2016,FLORIDA,12,WHEAT, ACRES HARVESTED,ACRE,15000
2016,FLORIDA,12,WHEAT, ACRES PLANTED,ACRE,22000
2016,FLORIDA,12,WHEAT, YIELD, MEASURED IN BU / ACRE,30
2016,GEORGIA,13,WHEAT, ACRES HARVESTED,ACRE,110000
2016,GEORGIA,13,WHEAT, ACRES PLANTED,ACRE,180000
2016,GEORGIA,13,WHEAT, YIELD, MEASURED IN BU / ACRE,46
2016,IDAHO,16,WHEAT, ACRES HARVESTED,ACRE,1125000
2016,IDAHO,16,WHEAT, ACRES PLANTED,ACRE,1190000
2016,IDAHO,16,WHEAT, YIELD, MEASURED IN BU / ACRE,91.4
2016,ILLINOIS,17,WHEAT, ACRES HARVESTED,ACRE,470000
2016,ILLINOIS,17,WHEAT, ACRES PLANTED,ACRE,520000
2016,ILLINOIS,17,WHEAT, YIELD, MEASURED IN BU / ACRE,74
2016,INDIANA,18,WHEAT, ACRES HARVESTED,ACRE,280000
2016,INDIANA,18,WHEAT, ACRES PLANTED,ACRE,330000
2016,INDIANA,18,WHEAT, YIELD, MEASURED IN BU / ACRE,81
2016,IOWA,19,WHEAT, ACRES HARVESTED,ACRE,17000
2016,IOWA,19,WHEAT, ACRES PLANTED,ACRE,25000
2016,IOWA,19,WHEAT, YIELD, MEASURED IN BU / ACRE,63
2016,KANSAS,20,WHEAT, ACRES HARVESTED,ACRE,8200000
2016,KANSAS,20,WHEAT, ACRES PLANTED,ACRE,8500000
2016,KANSAS,20,WHEAT, YIELD, MEASURED IN BU / ACRE,57
2016,KENTUCKY,21,WHEAT, ACRES HARVESTED,ACRE,400000
2016,KENTUCKY,21,WHEAT, ACRES PLANTED,ACRE,510000
2016,KENTUCKY,21,WHEAT, YIELD, MEASURED IN BU / ACRE,80
2016,LOUISIANA,22,WHEAT, ACRES HARVESTED,ACRE,20000
2016,LOUISIANA,22,WHEAT, ACRES PLANTED,ACRE,25000
2016,LOUISIANA,22,WHEAT, YIELD, MEASURED IN BU / ACRE,45
2016,MARYLAND,24,WHEAT, ACRES HARVESTED,ACRE,260000
2016,MARYLAND,24,WHEAT, ACRES PLANTED,ACRE,360000
2016,MARYLAND,24,WHEAT, YIELD, MEASURED IN BU / ACRE,64
2016,MICHIGAN,26,WHEAT, ACRES HARVESTED,ACRE,570000
2016,MICHIGAN,26,WHEAT, ACRES PLANTED,ACRE,610000
2016,MICHIGAN,26,WHEAT, YIELD, MEASURED IN BU / ACRE,89
2016,MINNESOTA,27,WHEAT, ACRES HARVESTED,ACRE,1268000
2016,MINNESOTA,27,WHEAT, ACRES PLANTED,ACRE,1321000
2016,MINNESOTA,27,WHEAT, YIELD, MEASURED IN BU / ACRE,59
2016,MISSISSIPPI,28,WHEAT, ACRES HARVESTED,ACRE,50000
2016,MISSISSIPPI,28,WHEAT, ACRES PLANTED,ACRE,65000
2016,MISSISSIPPI,28,WHEAT, YIELD, MEASURED IN BU / ACRE,48
2016,MISSOURI,29,WHEAT, ACRES HARVESTED,ACRE,570000
2016,MISSOURI,29,WHEAT, ACRES PLANTED,ACRE,690000
2016,MISSOURI,29,WHEAT, YIELD, MEASURED IN BU / ACRE,70
2016,MONTANA,30,WHEAT, ACRES HARVESTED,ACRE,4975000
2016,MONTANA,30,WHEAT, ACRES PLANTED,ACRE,5130000
2016,MONTANA,30,WHEAT, YIELD, MEASURED IN BU / ACRE,42.4
2016,NEBRASKA,31,WHEAT, ACRES HARVESTED,ACRE,1310000
2016,NEBRASKA,31,WHEAT, ACRES PLANTED,ACRE,1370000
2016,NEBRASKA,31,WHEAT, YIELD, MEASURED IN BU / ACRE,54
2016,NEVADA,32,WHEAT, ACRES HARVESTED,ACRE,9000
2016,NEVADA,32,WHEAT, ACRES PLANTED,ACRE,15000
2016,NEVADA,32,WHEAT, YIELD, MEASURED IN BU / ACRE,72.3
2016,NEW JERSEY,34,WHEAT, ACRES HARVESTED,ACRE,21000
2016,NEW JERSEY,34,WHEAT, ACRES PLANTED,ACRE,25000
2016,NEW JERSEY,34,WHEAT, YIELD, MEASURED IN BU / ACRE,64
2016,NEW MEXICO,35,WHEAT, ACRES HARVESTED,ACRE,210000
2016,NEW MEXICO,35,WHEAT, ACRES PLANTED,ACRE,345000
2016,NEW MEXICO,35,WHEAT, YIELD, MEASURED IN BU / ACRE,22
2016,NEW YORK,36,WHEAT, ACRES HARVESTED,ACRE,115000
2016,NEW YORK,36,WHEAT, ACRES PLANTED,ACRE,120000
2016,NEW YORK,36,WHEAT, YIELD, MEASURED IN BU / ACRE,74
2016,NORTH CAROLINA,37,WHEAT, ACRES HARVESTED,ACRE,355000
2016,NORTH CAROLINA,37,WHEAT, ACRES PLANTED,ACRE,420000
2016,NORTH CAROLINA,37,WHEAT, YIELD, MEASURED IN BU / ACRE,41
2016,NORTH DAKOTA,38,WHEAT, ACRES HARVESTED,ACRE,7405000
2016,NORTH DAKOTA,38,WHEAT, ACRES PLANTED,ACRE,7590000
2016,NORTH DAKOTA,38,WHEAT, YIELD, MEASURED IN BU / ACRE,45
2016,OHIO,39,WHEAT, ACRES HARVESTED,ACRE,560000
2016,OHIO,39,WHEAT, ACRES PLANTED,ACRE,580000
2016,OHIO,39,WHEAT, YIELD, MEASURED IN BU / ACRE,80
2016,OKLAHOMA,40,WHEAT, ACRES HARVESTED,ACRE,3500000
2016,OKLAHOMA,40,WHEAT, ACRES PLANTED,ACRE,5000000
2016,OKLAHOMA,40,WHEAT, YIELD, MEASURED IN BU / ACRE,39
2016,OREGON,41,WHEAT, ACRES HARVESTED,ACRE,797000
2016,OREGON,41,WHEAT, ACRES PLANTED,ACRE,810000
2016,OREGON,41,WHEAT, YIELD, MEASURED IN BU / ACRE,50.1
2016,PENNSYLVANIA,42,WHEAT, ACRES HARVESTED,ACRE,150000
2016,PENNSYLVANIA,42,WHEAT, ACRES PLANTED,ACRE,190000
2016,PENNSYLVANIA,42,WHEAT, YIELD, MEASURED IN BU / ACRE,68
2016,SOUTH CAROLINA,45,WHEAT, ACRES HARVESTED,ACRE,50000
2016,SOUTH CAROLINA,45,WHEAT, ACRES PLANTED,ACRE,60000
2016,SOUTH CAROLINA,45,WHEAT, YIELD, MEASURED IN BU / ACRE,43
2016,SOUTH DAKOTA,46,WHEAT, ACRES HARVESTED,ACRE,2157000
2016,SOUTH DAKOTA,46,WHEAT, ACRES PLANTED,ACRE,2270000
2016,SOUTH DAKOTA,46,WHEAT, YIELD, MEASURED IN BU / ACRE,51.6
2016,TENNESSEE,47,WHEAT, ACRES HARVESTED,ACRE,335000
2016,TENNESSEE,47,WHEAT, ACRES PLANTED,ACRE,400000
2016,TENNESSEE,47,WHEAT, YIELD, MEASURED IN BU / ACRE,73
2016,TEXAS,48,WHEAT, ACRES HARVESTED,ACRE,2800000
2016,TEXAS,48,WHEAT, ACRES PLANTED,ACRE,5000000
2016,TEXAS,48,WHEAT, YIELD, MEASURED IN BU / ACRE,32
2016,UTAH,49,WHEAT, ACRES HARVESTED,ACRE,120000
2016,UTAH,49,WHEAT, ACRES PLANTED,ACRE,129000
2016,UTAH,49,WHEAT, YIELD, MEASURED IN BU / ACRE,59.9
2016,VIRGINIA,51,WHEAT, ACRES HARVESTED,ACRE,175000
2016,VIRGINIA,51,WHEAT, ACRES PLANTED,ACRE,210000
2016,VIRGINIA,51,WHEAT, YIELD, MEASURED IN BU / ACRE,53
2016,WASHINGTON,53,WHEAT, ACRES HARVESTED,ACRE,2200000
2016,WASHINGTON,53,WHEAT, ACRES PLANTED,ACRE,2240000
2016,WASHINGTON,53,WHEAT, YIELD, MEASURED IN BU / ACRE,71.5
2016,WEST VIRGINIA,54,WHEAT, ACRES HARVESTED,ACRE,4000
2016,WEST VIRGINIA,54,WHEAT, ACRES PLANTED,ACRE,7000
2016,WEST VIRGINIA,54,WHEAT, YIELD, MEASURED IN BU / ACRE,61
2016,WISCONSIN,55,WHEAT, ACRES HARVESTED,ACRE,250000
2016,WISCONSIN,55,WHEAT, ACRES PLANTED,ACRE,270000
2016,WISCONSIN,55,WHEAT, YIELD, MEASURED IN BU / ACRE,79
2016,WYOMING,56,WHEAT, ACRES HARVESTED,ACRE,125000
2016,WYOMING,56,WHEAT, ACRES PLANTED,ACRE,140000
2016,WYOMING,56,WHEAT, YIELD, MEASURED IN BU / ACRE,34
2015,ALABAMA,1,WHEAT, ACRES HARVESTED,ACRE,220000
2015,ALABAMA,1,WHEAT, ACRES PLANTED,ACRE,260000
2015,ALABAMA,1,WHEAT, YIELD, MEASURED IN BU / ACRE,68
2015,ARIZONA,4,WHEAT, ACRES HARVESTED,ACRE,152000
2015,ARIZONA,4,WHEAT, ACRES PLANTED,ACRE,160000
2015,ARIZONA,4,WHEAT, YIELD, MEASURED IN BU / ACRE,101
2015,ARKANSAS,5,WHEAT, ACRES HARVESTED,ACRE,240000
2015,ARKANSAS,5,WHEAT, ACRES PLANTED,ACRE,350000
2015,ARKANSAS,5,WHEAT, YIELD, MEASURED IN BU / ACRE,56
2015,CALIFORNIA,6,WHEAT, ACRES HARVESTED,ACRE,235000
2015,CALIFORNIA,6,WHEAT, ACRES PLANTED,ACRE,520000
2015,CALIFORNIA,6,WHEAT, YIELD, MEASURED IN BU / ACRE,79.1
2015,COLORADO,8,WHEAT, ACRES HARVESTED,ACRE,2197000
2015,COLORADO,8,WHEAT, ACRES PLANTED,ACRE,2458000
2015,COLORADO,8,WHEAT, YIELD, MEASURED IN BU / ACRE,37.1
2015,DELAWARE,10,WHEAT, ACRES HARVESTED,ACRE,65000
2015,DELAWARE,10,WHEAT, ACRES PLANTED,ACRE,70000
2015,DELAWARE,10,WHEAT, YIELD, MEASURED IN BU / ACRE,65
2015,FLORIDA,12,WHEAT, ACRES HARVESTED,ACRE,15000
2015,FLORIDA,12,WHEAT, ACRES PLANTED,ACRE,25000
2015,FLORIDA,12,WHEAT, YIELD, MEASURED IN BU / ACRE,43
2015,GEORGIA,13,WHEAT, ACRES HARVESTED,ACRE,145000
2015,GEORGIA,13,WHEAT, ACRES PLANTED,ACRE,215000
2015,GEORGIA,13,WHEAT, YIELD, MEASURED IN BU / ACRE,43
2015,IDAHO,16,WHEAT, ACRES HARVESTED,ACRE,1155000
2015,IDAHO,16,WHEAT, ACRES PLANTED,ACRE,1220000
2015,IDAHO,16,WHEAT, YIELD, MEASURED IN BU / ACRE,77.4
2015,ILLINOIS,17,WHEAT, ACRES HARVESTED,ACRE,520000
2015,ILLINOIS,17,WHEAT, ACRES PLANTED,ACRE,540000
2015,ILLINOIS,17,WHEAT, YIELD, MEASURED IN BU / ACRE,65
2015,INDIANA,18,WHEAT, ACRES HARVESTED,ACRE,260000
2015,INDIANA,18,WHEAT, ACRES PLANTED,ACRE,290000
2015,INDIANA,18,WHEAT, YIELD, MEASURED IN BU / ACRE,68
2015,IOWA,19,WHEAT, ACRES HARVESTED,ACRE,15000
2015,IOWA,19,WHEAT, ACRES PLANTED,ACRE,20000
2015,IOWA,19,WHEAT, YIELD, MEASURED IN BU / ACRE,52
2015,KANSAS,20,WHEAT, ACRES HARVESTED,ACRE,8700000
2015,KANSAS,20,WHEAT, ACRES PLANTED,ACRE,9200000
2015,KANSAS,20,WHEAT, YIELD, MEASURED IN BU / ACRE,37
2015,KENTUCKY,21,WHEAT, ACRES HARVESTED,ACRE,440000
2015,KENTUCKY,21,WHEAT, ACRES PLANTED,ACRE,560000
2015,KENTUCKY,21,WHEAT, YIELD, MEASURED IN BU / ACRE,73
2015,LOUISIANA,22,WHEAT, ACRES HARVESTED,ACRE,92000
2015,LOUISIANA,22,WHEAT, ACRES PLANTED,ACRE,110000
2015,LOUISIANA,22,WHEAT, YIELD, MEASURED IN BU / ACRE,39
2015,MARYLAND,24,WHEAT, ACRES HARVESTED,ACRE,270000
2015,MARYLAND,24,WHEAT, ACRES PLANTED,ACRE,355000
2015,MARYLAND,24,WHEAT, YIELD, MEASURED IN BU / ACRE,64
2015,MICHIGAN,26,WHEAT, ACRES HARVESTED,ACRE,475000
2015,MICHIGAN,26,WHEAT, ACRES PLANTED,ACRE,510000
2015,MICHIGAN,26,WHEAT, YIELD, MEASURED IN BU / ACRE,81
2015,MINNESOTA,27,WHEAT, ACRES HARVESTED,ACRE,1473000
2015,MINNESOTA,27,WHEAT, ACRES PLANTED,ACRE,1532000
2015,MINNESOTA,27,WHEAT, YIELD, MEASURED IN BU / ACRE,59.9
2015,MISSISSIPPI,28,WHEAT, ACRES HARVESTED,ACRE,120000
2015,MISSISSIPPI,28,WHEAT, ACRES PLANTED,ACRE,150000
2015,MISSISSIPPI,28,WHEAT, YIELD, MEASURED IN BU / ACRE,48
2015,MISSOURI,29,WHEAT, ACRES HARVESTED,ACRE,610000
2015,MISSOURI,29,WHEAT, ACRES PLANTED,ACRE,760000
2015,MISSOURI,29,WHEAT, YIELD, MEASURED IN BU / ACRE,53
2015,MONTANA,30,WHEAT, ACRES HARVESTED,ACRE,5365000
2015,MONTANA,30,WHEAT, ACRES PLANTED,ACRE,5620000
2015,MONTANA,30,WHEAT, YIELD, MEASURED IN BU / ACRE,35.1
2015,NEBRASKA,31,WHEAT, ACRES HARVESTED,ACRE,1210000
2015,NEBRASKA,31,WHEAT, ACRES PLANTED,ACRE,1490000
2015,NEBRASKA,31,WHEAT, YIELD, MEASURED IN BU / ACRE,38
2015,NEVADA,32,WHEAT, ACRES HARVESTED,ACRE,8000
2015,NEVADA,32,WHEAT, ACRES PLANTED,ACRE,12000
2015,NEVADA,32,WHEAT, YIELD, MEASURED IN BU / ACRE,81.3
2015,NEW JERSEY,34,WHEAT, ACRES HARVESTED,ACRE,20000
2015,NEW JERSEY,34,WHEAT, ACRES PLANTED,ACRE,27000
2015,NEW JERSEY,34,WHEAT, YIELD, MEASURED IN BU / ACRE,50
2015,NEW MEXICO,35,WHEAT, ACRES HARVESTED,ACRE,190000
2015,NEW MEXICO,35,WHEAT, ACRES PLANTED,ACRE,385000
2015,NEW MEXICO,35,WHEAT, YIELD, MEASURED IN BU / ACRE,25
2015,NEW YORK,36,WHEAT, ACRES HARVESTED,ACRE,110000
2015,NEW YORK,36,WHEAT, ACRES PLANTED,ACRE,120000
2015,NEW YORK,36,WHEAT, YIELD, MEASURED IN BU / ACRE,63
2015,NORTH CAROLINA,37,WHEAT, ACRES HARVESTED,ACRE,570000
2015,NORTH CAROLINA,37,WHEAT, ACRES PLANTED,ACRE,650000
2015,NORTH CAROLINA,37,WHEAT, YIELD, MEASURED IN BU / ACRE,53
2015,NORTH DAKOTA,38,WHEAT, ACRES HARVESTED,ACRE,7915000
2015,NORTH DAKOTA,38,WHEAT, ACRES PLANTED,ACRE,7990000
2015,NORTH DAKOTA,38,WHEAT, YIELD, MEASURED IN BU / ACRE,46.7
2015,OHIO,39,WHEAT, ACRES HARVESTED,ACRE,480000
2015,OHIO,39,WHEAT, ACRES PLANTED,ACRE,520000
2015,OHIO,39,WHEAT, YIELD, MEASURED IN BU / ACRE,67
2015,OKLAHOMA,40,WHEAT, ACRES HARVESTED,ACRE,3800000
2015,OKLAHOMA,40,WHEAT, ACRES PLANTED,ACRE,5300000
2015,OKLAHOMA,40,WHEAT, YIELD, MEASURED IN BU / ACRE,26
2015,OREGON,41,WHEAT, ACRES HARVESTED,ACRE,828000
2015,OREGON,41,WHEAT, ACRES PLANTED,ACRE,835000
2015,OREGON,41,WHEAT, YIELD, MEASURED IN BU / ACRE,47.3
2015,PENNSYLVANIA,42,WHEAT, ACRES HARVESTED,ACRE,175000
2015,PENNSYLVANIA,42,WHEAT, ACRES PLANTED,ACRE,195000
2015,PENNSYLVANIA,42,WHEAT, YIELD, MEASURED IN BU / ACRE,65
2015,SOUTH CAROLINA,45,WHEAT, ACRES HARVESTED,ACRE,160000
2015,SOUTH CAROLINA,45,WHEAT, ACRES PLANTED,ACRE,170000
2015,SOUTH CAROLINA,45,WHEAT, YIELD, MEASURED IN BU / ACRE,46
2015,SOUTH DAKOTA,46,WHEAT, ACRES HARVESTED,ACRE,2236000
2015,SOUTH DAKOTA,46,WHEAT, ACRES PLANTED,ACRE,2756000
2015,SOUTH DAKOTA,46,WHEAT, YIELD, MEASURED IN BU / ACRE,46.2
2015,TENNESSEE,47,WHEAT, ACRES HARVESTED,ACRE,395000
2015,TENNESSEE,47,WHEAT, ACRES PLANTED,ACRE,455000
2015,TENNESSEE,47,WHEAT, YIELD, MEASURED IN BU / ACRE,68
2015,TEXAS,48,WHEAT, ACRES HARVESTED,ACRE,3550000
2015,TEXAS,48,WHEAT, ACRES PLANTED,ACRE,6100000
2015,TEXAS,48,WHEAT, YIELD, MEASURED IN BU / ACRE,30
2015,UTAH,49,WHEAT, ACRES HARVESTED,ACRE,128000
2015,UTAH,49,WHEAT, ACRES PLANTED,ACRE,135000
2015,UTAH,49,WHEAT, YIELD, MEASURED IN BU / ACRE,48.5
2015,VIRGINIA,51,WHEAT, ACRES HARVESTED,ACRE,210000
2015,VIRGINIA,51,WHEAT, ACRES PLANTED,ACRE,260000
2015,VIRGINIA,51,WHEAT, YIELD, MEASURED IN BU / ACRE,66
2015,WASHINGTON,53,WHEAT, ACRES HARVESTED,ACRE,2225000
2015,WASHINGTON,53,WHEAT, ACRES PLANTED,ACRE,2290000
2015,WASHINGTON,53,WHEAT, YIELD, MEASURED IN BU / ACRE,50.3
2015,WEST VIRGINIA,54,WHEAT, ACRES HARVESTED,ACRE,4000
2015,WEST VIRGINIA,54,WHEAT, ACRES PLANTED,ACRE,9000
2015,WEST VIRGINIA,54,WHEAT, YIELD, MEASURED IN BU / ACRE,60
2015,WISCONSIN,55,WHEAT, ACRES HARVESTED,ACRE,210000
2015,WISCONSIN,55,WHEAT, ACRES PLANTED,ACRE,230000
2015,WISCONSIN,55,WHEAT, YIELD, MEASURED IN BU / ACRE,74
2015,WYOMING,56,WHEAT, ACRES HARVESTED,ACRE,130000
2015,WYOMING,56,WHEAT, ACRES PLANTED,ACRE,145000
2015,WYOMING,56,WHEAT, YIELD, MEASURED IN BU / ACRE,32
2014,ALABAMA,1,WHEAT, ACRES HARVESTED,ACRE,225000
2014,ALABAMA,1,WHEAT, ACRES PLANTED,ACRE,255000
2014,ALABAMA,1,WHEAT, YIELD, MEASURED IN BU / ACRE,69
2014,ARIZONA,4,WHEAT, ACRES HARVESTED,ACRE,83000
2014,ARIZONA,4,WHEAT, ACRES PLANTED,ACRE,85000
2014,ARIZONA,4,WHEAT, YIELD, MEASURED IN BU / ACRE,110.1
2014,ARKANSAS,5,WHEAT, ACRES HARVESTED,ACRE,395000
2014,ARKANSAS,5,WHEAT, ACRES PLANTED,ACRE,465000
2014,ARKANSAS,5,WHEAT, YIELD, MEASURED IN BU / ACRE,63
2014,CALIFORNIA,6,WHEAT, ACRES HARVESTED,ACRE,220000
2014,CALIFORNIA,6,WHEAT, ACRES PLANTED,ACRE,530000
2014,CALIFORNIA,6,WHEAT, YIELD, MEASURED IN BU / ACRE,83.4
2014,COLORADO,8,WHEAT, ACRES HARVESTED,ACRE,2358000
2014,COLORADO,8,WHEAT, ACRES PLANTED,ACRE,2759000
2014,COLORADO,8,WHEAT, YIELD, MEASURED IN BU / ACRE,38.1
2014,DELAWARE,10,WHEAT, ACRES HARVESTED,ACRE,75000
2014,DELAWARE,10,WHEAT, ACRES PLANTED,ACRE,80000
2014,DELAWARE,10,WHEAT, YIELD, MEASURED IN BU / ACRE,72
2014,FLORIDA,12,WHEAT, ACRES HARVESTED,ACRE,10000
2014,FLORIDA,12,WHEAT, ACRES PLANTED,ACRE,15000
2014,FLORIDA,12,WHEAT, YIELD, MEASURED IN BU / ACRE,39
2014,GEORGIA,13,WHEAT, ACRES HARVESTED,ACRE,230000
2014,GEORGIA,13,WHEAT, ACRES PLANTED,ACRE,300000
2014,GEORGIA,13,WHEAT, YIELD, MEASURED IN BU / ACRE,49
2014,IDAHO,16,WHEAT, ACRES HARVESTED,ACRE,1196000
2014,IDAHO,16,WHEAT, ACRES PLANTED,ACRE,1271000
2014,IDAHO,16,WHEAT, YIELD, MEASURED IN BU / ACRE,78.4
2014,ILLINOIS,17,WHEAT, ACRES HARVESTED,ACRE,670000
2014,ILLINOIS,17,WHEAT, ACRES PLANTED,ACRE,740000
2014,ILLINOIS,17,WHEAT, YIELD, MEASURED IN BU / ACRE,67
2014,INDIANA,18,WHEAT, ACRES HARVESTED,ACRE,335000
2014,INDIANA,18,WHEAT, ACRES PLANTED,ACRE,390000
2014,INDIANA,18,WHEAT, YIELD, MEASURED IN BU / ACRE,76
2014,IOWA,19,WHEAT, ACRES HARVESTED,ACRE,15000
2014,IOWA,19,WHEAT, ACRES PLANTED,ACRE,26000
2014,IOWA,19,WHEAT, YIELD, MEASURED IN BU / ACRE,49
2014,KANSAS,20,WHEAT, ACRES HARVESTED,ACRE,8800000
2014,KANSAS,20,WHEAT, ACRES PLANTED,ACRE,9600000
2014,KANSAS,20,WHEAT, YIELD, MEASURED IN BU / ACRE,28
2014,KENTUCKY,21,WHEAT, ACRES HARVESTED,ACRE,510000
2014,KENTUCKY,21,WHEAT, ACRES PLANTED,ACRE,630000
2014,KENTUCKY,21,WHEAT, YIELD, MEASURED IN BU / ACRE,71
2014,LOUISIANA,22,WHEAT, ACRES HARVESTED,ACRE,150000
2014,LOUISIANA,22,WHEAT, ACRES PLANTED,ACRE,160000
2014,LOUISIANA,22,WHEAT, YIELD, MEASURED IN BU / ACRE,62
2014,MARYLAND,24,WHEAT, ACRES HARVESTED,ACRE,250000
2014,MARYLAND,24,WHEAT, ACRES PLANTED,ACRE,340000
2014,MARYLAND,24,WHEAT, YIELD, MEASURED IN BU / ACRE,70
2014,MICHIGAN,26,WHEAT, ACRES HARVESTED,ACRE,470000
2014,MICHIGAN,26,WHEAT, ACRES PLANTED,ACRE,550000
2014,MICHIGAN,26,WHEAT, YIELD, MEASURED IN BU / ACRE,74
2014,MINNESOTA,27,WHEAT, ACRES HARVESTED,ACRE,1212000
2014,MINNESOTA,27,WHEAT, ACRES PLANTED,ACRE,1262000
2014,MINNESOTA,27,WHEAT, YIELD, MEASURED IN BU / ACRE,54.8
2014,MISSISSIPPI,28,WHEAT, ACRES HARVESTED,ACRE,215000
2014,MISSISSIPPI,28,WHEAT, ACRES PLANTED,ACRE,230000
2014,MISSISSIPPI,28,WHEAT, YIELD, MEASURED IN BU / ACRE,58
2014,MISSOURI,29,WHEAT, ACRES HARVESTED,ACRE,740000
2014,MISSOURI,29,WHEAT, ACRES PLANTED,ACRE,880000
2014,MISSOURI,29,WHEAT, YIELD, MEASURED IN BU / ACRE,58
2014,MONTANA,30,WHEAT, ACRES HARVESTED,ACRE,5650000
2014,MONTANA,30,WHEAT, ACRES PLANTED,ACRE,5985000
2014,MONTANA,30,WHEAT, YIELD, MEASURED IN BU / ACRE,37.1
2014,NEBRASKA,31,WHEAT, ACRES HARVESTED,ACRE,1450000
2014,NEBRASKA,31,WHEAT, ACRES PLANTED,ACRE,1550000
2014,NEBRASKA,31,WHEAT, YIELD, MEASURED IN BU / ACRE,49
2014,NEVADA,32,WHEAT, ACRES HARVESTED,ACRE,10000
2014,NEVADA,32,WHEAT, ACRES PLANTED,ACRE,21000
2014,NEVADA,32,WHEAT, YIELD, MEASURED IN BU / ACRE,105
2014,NEW JERSEY,34,WHEAT, ACRES HARVESTED,ACRE,25000
2014,NEW JERSEY,34,WHEAT, ACRES PLANTED,ACRE,33000
2014,NEW JERSEY,34,WHEAT, YIELD, MEASURED IN BU / ACRE,53
2014,NEW MEXICO,35,WHEAT, ACRES HARVESTED,ACRE,105000
2014,NEW MEXICO,35,WHEAT, ACRES PLANTED,ACRE,380000
2014,NEW MEXICO,35,WHEAT, YIELD, MEASURED IN BU / ACRE,28
2014,NEW YORK,36,WHEAT, ACRES HARVESTED,ACRE,95000
2014,NEW YORK,36,WHEAT, ACRES PLANTED,ACRE,120000
2014,NEW YORK,36,WHEAT, YIELD, MEASURED IN BU / ACRE,63
2014,NORTH CAROLINA,37,WHEAT, ACRES HARVESTED,ACRE,770000
2014,NORTH CAROLINA,37,WHEAT, ACRES PLANTED,ACRE,830000
2014,NORTH CAROLINA,37,WHEAT, YIELD, MEASURED IN BU / ACRE,58
2014,NORTH DAKOTA,38,WHEAT, ACRES HARVESTED,ACRE,7490000
2014,NORTH DAKOTA,38,WHEAT, ACRES PLANTED,ACRE,7960000
2014,NORTH DAKOTA,38,WHEAT, YIELD, MEASURED IN BU / ACRE,46.3
2014,OHIO,39,WHEAT, ACRES HARVESTED,ACRE,545000
2014,OHIO,39,WHEAT, ACRES PLANTED,ACRE,620000
2014,OHIO,39,WHEAT, YIELD, MEASURED IN BU / ACRE,74
2014,OKLAHOMA,40,WHEAT, ACRES HARVESTED,ACRE,2800000
2014,OKLAHOMA,40,WHEAT, ACRES PLANTED,ACRE,5300000
2014,OKLAHOMA,40,WHEAT, YIELD, MEASURED IN BU / ACRE,17
2014,OREGON,41,WHEAT, ACRES HARVESTED,ACRE,818000
2014,OREGON,41,WHEAT, ACRES PLANTED,ACRE,830000
2014,OREGON,41,WHEAT, YIELD, MEASURED IN BU / ACRE,54.3
2014,PENNSYLVANIA,42,WHEAT, ACRES HARVESTED,ACRE,150000
2014,PENNSYLVANIA,42,WHEAT, ACRES PLANTED,ACRE,185000
2014,PENNSYLVANIA,42,WHEAT, YIELD, MEASURED IN BU / ACRE,65
2014,SOUTH CAROLINA,45,WHEAT, ACRES HARVESTED,ACRE,220000
2014,SOUTH CAROLINA,45,WHEAT, ACRES PLANTED,ACRE,230000
2014,SOUTH CAROLINA,45,WHEAT, YIELD, MEASURED IN BU / ACRE,52
2014,SOUTH DAKOTA,46,WHEAT, ACRES HARVESTED,ACRE,2364000
2014,SOUTH DAKOTA,46,WHEAT, ACRES PLANTED,ACRE,2514000
2014,SOUTH DAKOTA,46,WHEAT, YIELD, MEASURED IN BU / ACRE,55.5
2014,TENNESSEE,47,WHEAT, ACRES HARVESTED,ACRE,475000
2014,TENNESSEE,47,WHEAT, ACRES PLANTED,ACRE,530000
2014,TENNESSEE,47,WHEAT, YIELD, MEASURED IN BU / ACRE,66
2014,TEXAS,48,WHEAT, ACRES HARVESTED,ACRE,2250000
2014,TEXAS,48,WHEAT, ACRES PLANTED,ACRE,6000000
2014,TEXAS,48,WHEAT, YIELD, MEASURED IN BU / ACRE,30
2014,UTAH,49,WHEAT, ACRES HARVESTED,ACRE,117000
2014,UTAH,49,WHEAT, ACRES PLANTED,ACRE,130000
2014,UTAH,49,WHEAT, YIELD, MEASURED IN BU / ACRE,50.3
2014,VIRGINIA,51,WHEAT, ACRES HARVESTED,ACRE,260000
2014,VIRGINIA,51,WHEAT, ACRES PLANTED,ACRE,290000
2014,VIRGINIA,51,WHEAT, YIELD, MEASURED IN BU / ACRE,68
2014,WASHINGTON,53,WHEAT, ACRES HARVESTED,ACRE,2250000
2014,WASHINGTON,53,WHEAT, ACRES PLANTED,ACRE,2320000
2014,WASHINGTON,53,WHEAT, YIELD, MEASURED IN BU / ACRE,48.2
2014,WEST VIRGINIA,54,WHEAT, ACRES HARVESTED,ACRE,7000
2014,WEST VIRGINIA,54,WHEAT, ACRES PLANTED,ACRE,10000
2014,WEST VIRGINIA,54,WHEAT, YIELD, MEASURED IN BU / ACRE,64
2014,WISCONSIN,55,WHEAT, ACRES HARVESTED,ACRE,250000
2014,WISCONSIN,55,WHEAT, ACRES PLANTED,ACRE,295000
2014,WISCONSIN,55,WHEAT, YIELD, MEASURED IN BU / ACRE,65
2014,WYOMING,56,WHEAT, ACRES HARVESTED,ACRE,125000
2014,WYOMING,56,WHEAT, ACRES PLANTED,ACRE,140000
2014,WYOMING,56,WHEAT, YIELD, MEASURED IN BU / ACRE,38
2013,ALABAMA,1,WHEAT, ACRES HARVESTED,ACRE,285000
2013,ALABAMA,1,WHEAT, ACRES PLANTED,ACRE,310000
2013,ALABAMA,1,WHEAT, YIELD, MEASURED IN BU / ACRE,69
2013,ARIZONA,4,WHEAT, ACRES HARVESTED,ACRE,84000
2013,ARIZONA,4,WHEAT, ACRES PLANTED,ACRE,87000
2013,ARIZONA,4,WHEAT, YIELD, MEASURED IN BU / ACRE,99.4
2013,ARKANSAS,5,WHEAT, ACRES HARVESTED,ACRE,610000
2013,ARKANSAS,5,WHEAT, ACRES PLANTED,ACRE,680000
2013,ARKANSAS,5,WHEAT, YIELD, MEASURED IN BU / ACRE,62
2013,CALIFORNIA,6,WHEAT, ACRES HARVESTED,ACRE,394000
2013,CALIFORNIA,6,WHEAT, ACRES PLANTED,ACRE,690000
2013,CALIFORNIA,6,WHEAT, YIELD, MEASURED IN BU / ACRE,82.5
2013,COLORADO,8,WHEAT, ACRES HARVESTED,ACRE,1639000
2013,COLORADO,8,WHEAT, ACRES PLANTED,ACRE,2310000
2013,COLORADO,8,WHEAT, YIELD, MEASURED IN BU / ACRE,25.3
2013,DELAWARE,10,WHEAT, ACRES HARVESTED,ACRE,78000
2013,DELAWARE,10,WHEAT, ACRES PLANTED,ACRE,85000
2013,DELAWARE,10,WHEAT, YIELD, MEASURED IN BU / ACRE,64
2013,FLORIDA,12,WHEAT, ACRES HARVESTED,ACRE,19000
2013,FLORIDA,12,WHEAT, ACRES PLANTED,ACRE,25000
2013,FLORIDA,12,WHEAT, YIELD, MEASURED IN BU / ACRE,59
2013,GEORGIA,13,WHEAT, ACRES HARVESTED,ACRE,360000
2013,GEORGIA,13,WHEAT, ACRES PLANTED,ACRE,430000
2013,GEORGIA,13,WHEAT, YIELD, MEASURED IN BU / ACRE,60
2013,IDAHO,16,WHEAT, ACRES HARVESTED,ACRE,1261000
2013,IDAHO,16,WHEAT, ACRES PLANTED,ACRE,1321000
2013,IDAHO,16,WHEAT, YIELD, MEASURED IN BU / ACRE,82.2
2013,ILLINOIS,17,WHEAT, ACRES HARVESTED,ACRE,840000
2013,ILLINOIS,17,WHEAT, ACRES PLANTED,ACRE,880000
2013,ILLINOIS,17,WHEAT, YIELD, MEASURED IN BU / ACRE,67
2013,INDIANA,18,WHEAT, ACRES HARVESTED,ACRE,435000
2013,INDIANA,18,WHEAT, ACRES PLANTED,ACRE,460000
2013,INDIANA,18,WHEAT, YIELD, MEASURED IN BU / ACRE,73
2013,IOWA,19,WHEAT, ACRES HARVESTED,ACRE,21000
2013,IOWA,19,WHEAT, ACRES PLANTED,ACRE,30000
2013,IOWA,19,WHEAT, YIELD, MEASURED IN BU / ACRE,52
2013,KANSAS,20,WHEAT, ACRES HARVESTED,ACRE,8450000
2013,KANSAS,20,WHEAT, ACRES PLANTED,ACRE,9500000
2013,KANSAS,20,WHEAT, YIELD, MEASURED IN BU / ACRE,38
2013,KENTUCKY,21,WHEAT, ACRES HARVESTED,ACRE,610000
2013,KENTUCKY,21,WHEAT, ACRES PLANTED,ACRE,700000
2013,KENTUCKY,21,WHEAT, YIELD, MEASURED IN BU / ACRE,75
2013,LOUISIANA,22,WHEAT, ACRES HARVESTED,ACRE,255000
2013,LOUISIANA,22,WHEAT, ACRES PLANTED,ACRE,265000
2013,LOUISIANA,22,WHEAT, YIELD, MEASURED IN BU / ACRE,58
2013,MARYLAND,24,WHEAT, ACRES HARVESTED,ACRE,260000
2013,MARYLAND,24,WHEAT, ACRES PLANTED,ACRE,345000
2013,MARYLAND,24,WHEAT, YIELD, MEASURED IN BU / ACRE,67
2013,MICHIGAN,26,WHEAT, ACRES HARVESTED,ACRE,590000
2013,MICHIGAN,26,WHEAT, ACRES PLANTED,ACRE,620000
2013,MICHIGAN,26,WHEAT, YIELD, MEASURED IN BU / ACRE,75
2013,MINNESOTA,27,WHEAT, ACRES HARVESTED,ACRE,1184000
2013,MINNESOTA,27,WHEAT, ACRES PLANTED,ACRE,1227000
2013,MINNESOTA,27,WHEAT, YIELD, MEASURED IN BU / ACRE,56.7
2013,MISSISSIPPI,28,WHEAT, ACRES HARVESTED,ACRE,385000
2013,MISSISSIPPI,28,WHEAT, ACRES PLANTED,ACRE,400000
2013,MISSISSIPPI,28,WHEAT, YIELD, MEASURED IN BU / ACRE,58
2013,MISSOURI,29,WHEAT, ACRES HARVESTED,ACRE,985000
2013,MISSOURI,29,WHEAT, ACRES PLANTED,ACRE,1080000
2013,MISSOURI,29,WHEAT, YIELD, MEASURED IN BU / ACRE,57
2013,MONTANA,30,WHEAT, ACRES HARVESTED,ACRE,5165000
2013,MONTANA,30,WHEAT, ACRES PLANTED,ACRE,5400000
2013,MONTANA,30,WHEAT, YIELD, MEASURED IN BU / ACRE,39
2013,NEBRASKA,31,WHEAT, ACRES HARVESTED,ACRE,1140000
2013,NEBRASKA,31,WHEAT, ACRES PLANTED,ACRE,1470000
2013,NEBRASKA,31,WHEAT, YIELD, MEASURED IN BU / ACRE,35
2013,NEVADA,32,WHEAT, ACRES HARVESTED,ACRE,15000
2013,NEVADA,32,WHEAT, ACRES PLANTED,ACRE,31000
2013,NEVADA,32,WHEAT, YIELD, MEASURED IN BU / ACRE,87
2013,NEW JERSEY,34,WHEAT, ACRES HARVESTED,ACRE,29000
2013,NEW JERSEY,34,WHEAT, ACRES PLANTED,ACRE,34000
2013,NEW JERSEY,34,WHEAT, YIELD, MEASURED IN BU / ACRE,54
2013,NEW MEXICO,35,WHEAT, ACRES HARVESTED,ACRE,100000
2013,NEW MEXICO,35,WHEAT, ACRES PLANTED,ACRE,440000
2013,NEW MEXICO,35,WHEAT, YIELD, MEASURED IN BU / ACRE,44
2013,NEW YORK,36,WHEAT, ACRES HARVESTED,ACRE,115000
2013,NEW YORK,36,WHEAT, ACRES PLANTED,ACRE,125000
2013,NEW YORK,36,WHEAT, YIELD, MEASURED IN BU / ACRE,68
2013,NORTH CAROLINA,37,WHEAT, ACRES HARVESTED,ACRE,925000
2013,NORTH CAROLINA,37,WHEAT, ACRES PLANTED,ACRE,990000
2013,NORTH CAROLINA,37,WHEAT, YIELD, MEASURED IN BU / ACRE,57
2013,NORTH DAKOTA,38,WHEAT, ACRES HARVESTED,ACRE,6025000
2013,NORTH DAKOTA,38,WHEAT, ACRES PLANTED,ACRE,6105000
2013,NORTH DAKOTA,38,WHEAT, YIELD, MEASURED IN BU / ACRE,45.4
2013,OHIO,39,WHEAT, ACRES HARVESTED,ACRE,640000
2013,OHIO,39,WHEAT, ACRES PLANTED,ACRE,660000
2013,OHIO,39,WHEAT, YIELD, MEASURED IN BU / ACRE,70
2013,OKLAHOMA,40,WHEAT, ACRES HARVESTED,ACRE,3400000
2013,OKLAHOMA,40,WHEAT, ACRES PLANTED,ACRE,5600000
2013,OKLAHOMA,40,WHEAT, YIELD, MEASURED IN BU / ACRE,31
2013,OREGON,41,WHEAT, ACRES HARVESTED,ACRE,868000
2013,OREGON,41,WHEAT, ACRES PLANTED,ACRE,880000
2013,OREGON,41,WHEAT, YIELD, MEASURED IN BU / ACRE,62.1
2013,PENNSYLVANIA,42,WHEAT, ACRES HARVESTED,ACRE,155000
2013,PENNSYLVANIA,42,WHEAT, ACRES PLANTED,ACRE,185000
2013,PENNSYLVANIA,42,WHEAT, YIELD, MEASURED IN BU / ACRE,68
2013,SOUTH CAROLINA,45,WHEAT, ACRES HARVESTED,ACRE,265000
2013,SOUTH CAROLINA,45,WHEAT, ACRES PLANTED,ACRE,280000
2013,SOUTH CAROLINA,45,WHEAT, YIELD, MEASURED IN BU / ACRE,54
2013,SOUTH DAKOTA,46,WHEAT, ACRES HARVESTED,ACRE,1839000
2013,SOUTH DAKOTA,46,WHEAT, ACRES PLANTED,ACRE,2494000
2013,SOUTH DAKOTA,46,WHEAT, YIELD, MEASURED IN BU / ACRE,42.2
2013,TENNESSEE,47,WHEAT, ACRES HARVESTED,ACRE,575000
2013,TENNESSEE,47,WHEAT, ACRES PLANTED,ACRE,640000
2013,TENNESSEE,47,WHEAT, YIELD, MEASURED IN BU / ACRE,71
2013,TEXAS,48,WHEAT, ACRES HARVESTED,ACRE,2350000
2013,TEXAS,48,WHEAT, ACRES PLANTED,ACRE,6300000
2013,TEXAS,48,WHEAT, YIELD, MEASURED IN BU / ACRE,29
2013,UTAH,49,WHEAT, ACRES HARVESTED,ACRE,124000
2013,UTAH,49,WHEAT, ACRES PLANTED,ACRE,138000
2013,UTAH,49,WHEAT, YIELD, MEASURED IN BU / ACRE,44.2
2013,VIRGINIA,51,WHEAT, ACRES HARVESTED,ACRE,290000
2013,VIRGINIA,51,WHEAT, ACRES PLANTED,ACRE,335000
2013,VIRGINIA,51,WHEAT, YIELD, MEASURED IN BU / ACRE,62
2013,WASHINGTON,53,WHEAT, ACRES HARVESTED,ACRE,2175000
2013,WASHINGTON,53,WHEAT, ACRES PLANTED,ACRE,2210000
2013,WASHINGTON,53,WHEAT, YIELD, MEASURED IN BU / ACRE,66.9
2013,WEST VIRGINIA,54,WHEAT, ACRES HARVESTED,ACRE,7000
2013,WEST VIRGINIA,54,WHEAT, ACRES PLANTED,ACRE,9000
2013,WEST VIRGINIA,54,WHEAT, YIELD, MEASURED IN BU / ACRE,52
2013,WISCONSIN,55,WHEAT, ACRES HARVESTED,ACRE,265000
2013,WISCONSIN,55,WHEAT, ACRES PLANTED,ACRE,315000
2013,WISCONSIN,55,WHEAT, YIELD, MEASURED IN BU / ACRE,58
2013,WYOMING,56,WHEAT, ACRES HARVESTED,ACRE,120000
2013,WYOMING,56,WHEAT, ACRES PLANTED,ACRE,150000
2013,WYOMING,56,WHEAT, YIELD, MEASURED IN BU / ACRE,24
2012,ALABAMA,1,WHEAT, ACRES HARVESTED,ACRE,185000
2012,ALABAMA,1,WHEAT, ACRES PLANTED,ACRE,220000
2012,ALABAMA,1,WHEAT, YIELD, MEASURED IN BU / ACRE,59
2012,ARIZONA,4,WHEAT, ACRES HARVESTED,ACRE,110000
2012,ARIZONA,4,WHEAT, ACRES PLANTED,ACRE,114000
2012,ARIZONA,4,WHEAT, YIELD, MEASURED IN BU / ACRE,94.2
2012,ARKANSAS,5,WHEAT, ACRES HARVESTED,ACRE,445000
2012,ARKANSAS,5,WHEAT, ACRES PLANTED,ACRE,550000
2012,ARKANSAS,5,WHEAT, YIELD, MEASURED IN BU / ACRE,55
2012,CALIFORNIA,6,WHEAT, ACRES HARVESTED,ACRE,425000
2012,CALIFORNIA,6,WHEAT, ACRES PLANTED,ACRE,715000
2012,CALIFORNIA,6,WHEAT, YIELD, MEASURED IN BU / ACRE,90.9
2012,COLORADO,8,WHEAT, ACRES HARVESTED,ACRE,2212000
2012,COLORADO,8,WHEAT, ACRES PLANTED,ACRE,2363000
2012,COLORADO,8,WHEAT, YIELD, MEASURED IN BU / ACRE,31.3
2012,DELAWARE,10,WHEAT, ACRES HARVESTED,ACRE,76000
2012,DELAWARE,10,WHEAT, ACRES PLANTED,ACRE,80000
2012,DELAWARE,10,WHEAT, YIELD, MEASURED IN BU / ACRE,74
2012,FLORIDA,12,WHEAT, ACRES HARVESTED,ACRE,15000
2012,FLORIDA,12,WHEAT, ACRES PLANTED,ACRE,20000
2012,FLORIDA,12,WHEAT, YIELD, MEASURED IN BU / ACRE,42
2012,GEORGIA,13,WHEAT, ACRES HARVESTED,ACRE,230000
2012,GEORGIA,13,WHEAT, ACRES PLANTED,ACRE,290000
2012,GEORGIA,13,WHEAT, YIELD, MEASURED IN BU / ACRE,50
2012,IDAHO,16,WHEAT, ACRES HARVESTED,ACRE,1243000
2012,IDAHO,16,WHEAT, ACRES PLANTED,ACRE,1303000
2012,IDAHO,16,WHEAT, YIELD, MEASURED IN BU / ACRE,78.2
2012,ILLINOIS,17,WHEAT, ACRES HARVESTED,ACRE,640000
2012,ILLINOIS,17,WHEAT, ACRES PLANTED,ACRE,650000
2012,ILLINOIS,17,WHEAT, YIELD, MEASURED IN BU / ACRE,64
2012,INDIANA,18,WHEAT, ACRES HARVESTED,ACRE,285000
2012,INDIANA,18,WHEAT, ACRES PLANTED,ACRE,330000
2012,INDIANA,18,WHEAT, YIELD, MEASURED IN BU / ACRE,67
2012,IOWA,19,WHEAT, ACRES HARVESTED,ACRE,13000
2012,IOWA,19,WHEAT, ACRES PLANTED,ACRE,18000
2012,IOWA,19,WHEAT, YIELD, MEASURED IN BU / ACRE,50
2012,KANSAS,20,WHEAT, ACRES HARVESTED,ACRE,9100000
2012,KANSAS,20,WHEAT, ACRES PLANTED,ACRE,9400000
2012,KANSAS,20,WHEAT, YIELD, MEASURED IN BU / ACRE,42
2012,KENTUCKY,21,WHEAT, ACRES HARVESTED,ACRE,440000
2012,KENTUCKY,21,WHEAT, ACRES PLANTED,ACRE,550000
2012,KENTUCKY,21,WHEAT, YIELD, MEASURED IN BU / ACRE,63
2012,LOUISIANA,22,WHEAT, ACRES HARVESTED,ACRE,275000
2012,LOUISIANA,22,WHEAT, ACRES PLANTED,ACRE,285000
2012,LOUISIANA,22,WHEAT, YIELD, MEASURED IN BU / ACRE,49
2012,MARYLAND,24,WHEAT, ACRES HARVESTED,ACRE,210000
2012,MARYLAND,24,WHEAT, ACRES PLANTED,ACRE,310000
2012,MARYLAND,24,WHEAT, YIELD, MEASURED IN BU / ACRE,68
2012,MICHIGAN,26,WHEAT, ACRES HARVESTED,ACRE,535000
2012,MICHIGAN,26,WHEAT, ACRES PLANTED,ACRE,560000
2012,MICHIGAN,26,WHEAT, YIELD, MEASURED IN BU / ACRE,76
2012,MINNESOTA,27,WHEAT, ACRES HARVESTED,ACRE,1342000
2012,MINNESOTA,27,WHEAT, ACRES PLANTED,ACRE,1385000
2012,MINNESOTA,27,WHEAT, YIELD, MEASURED IN BU / ACRE,57
2012,MISSISSIPPI,28,WHEAT, ACRES HARVESTED,ACRE,320000
2012,MISSISSIPPI,28,WHEAT, ACRES PLANTED,ACRE,345000
2012,MISSISSIPPI,28,WHEAT, YIELD, MEASURED IN BU / ACRE,57
2012,MISSOURI,29,WHEAT, ACRES HARVESTED,ACRE,680000
2012,MISSOURI,29,WHEAT, ACRES PLANTED,ACRE,780000
2012,MISSOURI,29,WHEAT, YIELD, MEASURED IN BU / ACRE,58
2012,MONTANA,30,WHEAT, ACRES HARVESTED,ACRE,5615000
2012,MONTANA,30,WHEAT, ACRES PLANTED,ACRE,5800000
2012,MONTANA,30,WHEAT, YIELD, MEASURED IN BU / ACRE,34.8
2012,NEBRASKA,31,WHEAT, ACRES HARVESTED,ACRE,1300000
2012,NEBRASKA,31,WHEAT, ACRES PLANTED,ACRE,1370000
2012,NEBRASKA,31,WHEAT, YIELD, MEASURED IN BU / ACRE,41
2012,NEVADA,32,WHEAT, ACRES HARVESTED,ACRE,15000
2012,NEVADA,32,WHEAT, ACRES PLANTED,ACRE,26000
2012,NEVADA,32,WHEAT, YIELD, MEASURED IN BU / ACRE,77.8
2012,NEW JERSEY,34,WHEAT, ACRES HARVESTED,ACRE,23000
2012,NEW JERSEY,34,WHEAT, ACRES PLANTED,ACRE,27000
2012,NEW JERSEY,34,WHEAT, YIELD, MEASURED IN BU / ACRE,56
2012,NEW MEXICO,35,WHEAT, ACRES HARVESTED,ACRE,105000
2012,NEW MEXICO,35,WHEAT, ACRES PLANTED,ACRE,440000
2012,NEW MEXICO,35,WHEAT, YIELD, MEASURED IN BU / ACRE,27
2012,NEW YORK,36,WHEAT, ACRES HARVESTED,ACRE,85000
2012,NEW YORK,36,WHEAT, ACRES PLANTED,ACRE,100000
2012,NEW YORK,36,WHEAT, YIELD, MEASURED IN BU / ACRE,63
2012,NORTH CAROLINA,37,WHEAT, ACRES HARVESTED,ACRE,740000
2012,NORTH CAROLINA,37,WHEAT, ACRES PLANTED,ACRE,810000
2012,NORTH CAROLINA,37,WHEAT, YIELD, MEASURED IN BU / ACRE,57
2012,NORTH DAKOTA,38,WHEAT, ACRES HARVESTED,ACRE,7765000
2012,NORTH DAKOTA,38,WHEAT, ACRES PLANTED,ACRE,7840000
2012,NORTH DAKOTA,38,WHEAT, YIELD, MEASURED IN BU / ACRE,43.8
2012,OHIO,39,WHEAT, ACRES HARVESTED,ACRE,450000
2012,OHIO,39,WHEAT, ACRES PLANTED,ACRE,500000
2012,OHIO,39,WHEAT, YIELD, MEASURED IN BU / ACRE,68
2012,OKLAHOMA,40,WHEAT, ACRES HARVESTED,ACRE,4300000
2012,OKLAHOMA,40,WHEAT, ACRES PLANTED,ACRE,5400000
2012,OKLAHOMA,40,WHEAT, YIELD, MEASURED IN BU / ACRE,36
2012,OREGON,41,WHEAT, ACRES HARVESTED,ACRE,878000
2012,OREGON,41,WHEAT, ACRES PLANTED,ACRE,885000
2012,OREGON,41,WHEAT, YIELD, MEASURED IN BU / ACRE,65.6
2012,PENNSYLVANIA,42,WHEAT, ACRES HARVESTED,ACRE,135000
2012,PENNSYLVANIA,42,WHEAT, ACRES PLANTED,ACRE,155000
2012,PENNSYLVANIA,42,WHEAT, YIELD, MEASURED IN BU / ACRE,65
2012,SOUTH CAROLINA,45,WHEAT, ACRES HARVESTED,ACRE,220000
2012,SOUTH CAROLINA,45,WHEAT, ACRES PLANTED,ACRE,235000
2012,SOUTH CAROLINA,45,WHEAT, YIELD, MEASURED IN BU / ACRE,53
2012,SOUTH DAKOTA,46,WHEAT, ACRES HARVESTED,ACRE,2225000
2012,SOUTH DAKOTA,46,WHEAT, ACRES PLANTED,ACRE,2395000
2012,SOUTH DAKOTA,46,WHEAT, YIELD, MEASURED IN BU / ACRE,45.9
2012,TENNESSEE,47,WHEAT, ACRES HARVESTED,ACRE,330000
2012,TENNESSEE,47,WHEAT, ACRES PLANTED,ACRE,405000
2012,TENNESSEE,47,WHEAT, YIELD, MEASURED IN BU / ACRE,63
2012,TEXAS,48,WHEAT, ACRES HARVESTED,ACRE,2900000
2012,TEXAS,48,WHEAT, ACRES PLANTED,ACRE,5600000
2012,TEXAS,48,WHEAT, YIELD, MEASURED IN BU / ACRE,33
2012,UTAH,49,WHEAT, ACRES HARVESTED,ACRE,122000
2012,UTAH,49,WHEAT, ACRES PLANTED,ACRE,140000
2012,UTAH,49,WHEAT, YIELD, MEASURED IN BU / ACRE,46.3
2012,VIRGINIA,51,WHEAT, ACRES HARVESTED,ACRE,240000
2012,VIRGINIA,51,WHEAT, ACRES PLANTED,ACRE,280000
2012,VIRGINIA,51,WHEAT, YIELD, MEASURED IN BU / ACRE,64
2012,WASHINGTON,53,WHEAT, ACRES HARVESTED,ACRE,2165000
2012,WASHINGTON,53,WHEAT, ACRES PLANTED,ACRE,2200000
2012,WASHINGTON,53,WHEAT, YIELD, MEASURED IN BU / ACRE,66.6
2012,WEST VIRGINIA,54,WHEAT, ACRES HARVESTED,ACRE,4000
2012,WEST VIRGINIA,54,WHEAT, ACRES PLANTED,ACRE,8000
2012,WEST VIRGINIA,54,WHEAT, YIELD, MEASURED IN BU / ACRE,65
2012,WISCONSIN,55,WHEAT, ACRES HARVESTED,ACRE,245000
2012,WISCONSIN,55,WHEAT, ACRES PLANTED,ACRE,265000
2012,WISCONSIN,55,WHEAT, YIELD, MEASURED IN BU / ACRE,75
2012,WYOMING,56,WHEAT, ACRES HARVESTED,ACRE,115000
2012,WYOMING,56,WHEAT, ACRES PLANTED,ACRE,145000
2012,WYOMING,56,WHEAT, YIELD, MEASURED IN BU / ACRE,26
2011,ALABAMA,1,WHEAT, ACRES HARVESTED,ACRE,190000
2011,ALABAMA,1,WHEAT, ACRES PLANTED,ACRE,220000
2011,ALABAMA,1,WHEAT, YIELD, MEASURED IN BU / ACRE,73
2011,ARIZONA,4,WHEAT, ACRES HARVESTED,ACRE,77000
2011,ARIZONA,4,WHEAT, ACRES PLANTED,ACRE,80000
2011,ARIZONA,4,WHEAT, YIELD, MEASURED IN BU / ACRE,99
2011,ARKANSAS,5,WHEAT, ACRES HARVESTED,ACRE,520000
2011,ARKANSAS,5,WHEAT, ACRES PLANTED,ACRE,620000
2011,ARKANSAS,5,WHEAT, YIELD, MEASURED IN BU / ACRE,58
2011,CALIFORNIA,6,WHEAT, ACRES HARVESTED,ACRE,530000
2011,CALIFORNIA,6,WHEAT, ACRES PLANTED,ACRE,775000
2011,CALIFORNIA,6,WHEAT, YIELD, MEASURED IN BU / ACRE,91.6
2011,COLORADO,8,WHEAT, ACRES HARVESTED,ACRE,2044000
2011,COLORADO,8,WHEAT, ACRES PLANTED,ACRE,2295000
2011,COLORADO,8,WHEAT, YIELD, MEASURED IN BU / ACRE,38.1
2011,DELAWARE,10,WHEAT, ACRES HARVESTED,ACRE,75000
2011,DELAWARE,10,WHEAT, ACRES PLANTED,ACRE,80000
2011,DELAWARE,10,WHEAT, YIELD, MEASURED IN BU / ACRE,69
2011,FLORIDA,12,WHEAT, ACRES HARVESTED,ACRE,8000
2011,FLORIDA,12,WHEAT, ACRES PLANTED,ACRE,12000
2011,FLORIDA,12,WHEAT, YIELD, MEASURED IN BU / ACRE,46
2011,GEORGIA,13,WHEAT, ACRES HARVESTED,ACRE,200000
2011,GEORGIA,13,WHEAT, ACRES PLANTED,ACRE,250000
2011,GEORGIA,13,WHEAT, YIELD, MEASURED IN BU / ACRE,56
2011,IDAHO,16,WHEAT, ACRES HARVESTED,ACRE,1411000
2011,IDAHO,16,WHEAT, ACRES PLANTED,ACRE,1491000
2011,IDAHO,16,WHEAT, YIELD, MEASURED IN BU / ACRE,83.3
2011,ILLINOIS,17,WHEAT, ACRES HARVESTED,ACRE,770000
2011,ILLINOIS,17,WHEAT, ACRES PLANTED,ACRE,800000
2011,ILLINOIS,17,WHEAT, YIELD, MEASURED IN BU / ACRE,61
2011,INDIANA,18,WHEAT, ACRES HARVESTED,ACRE,405000
2011,INDIANA,18,WHEAT, ACRES PLANTED,ACRE,430000
2011,INDIANA,18,WHEAT, YIELD, MEASURED IN BU / ACRE,62
2011,IOWA,19,WHEAT, ACRES HARVESTED,ACRE,16000
2011,IOWA,19,WHEAT, ACRES PLANTED,ACRE,22000
2011,IOWA,19,WHEAT, YIELD, MEASURED IN BU / ACRE,45
2011,KANSAS,20,WHEAT, ACRES HARVESTED,ACRE,7950000
2011,KANSAS,20,WHEAT, ACRES PLANTED,ACRE,8800000
2011,KANSAS,20,WHEAT, YIELD, MEASURED IN BU / ACRE,35
2011,KENTUCKY,21,WHEAT, ACRES HARVESTED,ACRE,440000
2011,KENTUCKY,21,WHEAT, ACRES PLANTED,ACRE,540000
2011,KENTUCKY,21,WHEAT, YIELD, MEASURED IN BU / ACRE,70
2011,LOUISIANA,22,WHEAT, ACRES HARVESTED,ACRE,240000
2011,LOUISIANA,22,WHEAT, ACRES PLANTED,ACRE,250000
2011,LOUISIANA,22,WHEAT, YIELD, MEASURED IN BU / ACRE,63
2011,MARYLAND,24,WHEAT, ACRES HARVESTED,ACRE,180000
2011,MARYLAND,24,WHEAT, ACRES PLANTED,ACRE,260000
2011,MARYLAND,24,WHEAT, YIELD, MEASURED IN BU / ACRE,67
2011,MICHIGAN,26,WHEAT, ACRES HARVESTED,ACRE,675000
2011,MICHIGAN,26,WHEAT, ACRES PLANTED,ACRE,700000
2011,MICHIGAN,26,WHEAT, YIELD, MEASURED IN BU / ACRE,75
2011,MINNESOTA,27,WHEAT, ACRES HARVESTED,ACRE,1521000
2011,MINNESOTA,27,WHEAT, ACRES PLANTED,ACRE,1575000
2011,MINNESOTA,27,WHEAT, YIELD, MEASURED IN BU / ACRE,46.1
2011,MISSISSIPPI,28,WHEAT, ACRES HARVESTED,ACRE,310000
2011,MISSISSIPPI,28,WHEAT, ACRES PLANTED,ACRE,335000
2011,MISSISSIPPI,28,WHEAT, YIELD, MEASURED IN BU / ACRE,64
2011,MISSOURI,29,WHEAT, ACRES HARVESTED,ACRE,690000
2011,MISSOURI,29,WHEAT, ACRES PLANTED,ACRE,790000
2011,MISSOURI,29,WHEAT, YIELD, MEASURED IN BU / ACRE,50
2011,MONTANA,30,WHEAT, ACRES HARVESTED,ACRE,4975000
2011,MONTANA,30,WHEAT, ACRES PLANTED,ACRE,5100000
2011,MONTANA,30,WHEAT, YIELD, MEASURED IN BU / ACRE,35.2
2011,NEBRASKA,31,WHEAT, ACRES HARVESTED,ACRE,1480000
2011,NEBRASKA,31,WHEAT, ACRES PLANTED,ACRE,1550000
2011,NEBRASKA,31,WHEAT, YIELD, MEASURED IN BU / ACRE,45
2011,NEVADA,32,WHEAT, ACRES HARVESTED,ACRE,12000
2011,NEVADA,32,WHEAT, ACRES PLANTED,ACRE,23000
2011,NEVADA,32,WHEAT, YIELD, MEASURED IN BU / ACRE,110.3
2011,NEW JERSEY,34,WHEAT, ACRES HARVESTED,ACRE,31000
2011,NEW JERSEY,34,WHEAT, ACRES PLANTED,ACRE,35000
2011,NEW JERSEY,34,WHEAT, YIELD, MEASURED IN BU / ACRE,49
2011,NEW MEXICO,35,WHEAT, ACRES HARVESTED,ACRE,90000
2011,NEW MEXICO,35,WHEAT, ACRES PLANTED,ACRE,435000
2011,NEW MEXICO,35,WHEAT, YIELD, MEASURED IN BU / ACRE,21
2011,NEW YORK,36,WHEAT, ACRES HARVESTED,ACRE,93000
2011,NEW YORK,36,WHEAT, ACRES PLANTED,ACRE,120000
2011,NEW YORK,36,WHEAT, YIELD, MEASURED IN BU / ACRE,55
2011,NORTH CAROLINA,37,WHEAT, ACRES HARVESTED,ACRE,590000
2011,NORTH CAROLINA,37,WHEAT, ACRES PLANTED,ACRE,670000
2011,NORTH CAROLINA,37,WHEAT, YIELD, MEASURED IN BU / ACRE,68
2011,NORTH DAKOTA,38,WHEAT, ACRES HARVESTED,ACRE,6590000
2011,NORTH DAKOTA,38,WHEAT, ACRES PLANTED,ACRE,6800000
2011,NORTH DAKOTA,38,WHEAT, YIELD, MEASURED IN BU / ACRE,30.3
2011,OHIO,39,WHEAT, ACRES HARVESTED,ACRE,850000
2011,OHIO,39,WHEAT, ACRES PLANTED,ACRE,880000
2011,OHIO,39,WHEAT, YIELD, MEASURED IN BU / ACRE,57
2011,OKLAHOMA,40,WHEAT, ACRES HARVESTED,ACRE,3200000
2011,OKLAHOMA,40,WHEAT, ACRES PLANTED,ACRE,5100000
2011,OKLAHOMA,40,WHEAT, YIELD, MEASURED IN BU / ACRE,23
2011,OREGON,41,WHEAT, ACRES HARVESTED,ACRE,992000
2011,OREGON,41,WHEAT, ACRES PLANTED,ACRE,1000000
2011,OREGON,41,WHEAT, YIELD, MEASURED IN BU / ACRE,76
2011,PENNSYLVANIA,42,WHEAT, ACRES HARVESTED,ACRE,170000
2011,PENNSYLVANIA,42,WHEAT, ACRES PLANTED,ACRE,185000
2011,PENNSYLVANIA,42,WHEAT, YIELD, MEASURED IN BU / ACRE,51
2011,SOUTH CAROLINA,45,WHEAT, ACRES HARVESTED,ACRE,180000
2011,SOUTH CAROLINA,45,WHEAT, ACRES PLANTED,ACRE,190000
2011,SOUTH CAROLINA,45,WHEAT, YIELD, MEASURED IN BU / ACRE,60
2011,SOUTH DAKOTA,46,WHEAT, ACRES HARVESTED,ACRE,2787000
2011,SOUTH DAKOTA,46,WHEAT, ACRES PLANTED,ACRE,2878000
2011,SOUTH DAKOTA,46,WHEAT, YIELD, MEASURED IN BU / ACRE,37.3
2011,TENNESSEE,47,WHEAT, ACRES HARVESTED,ACRE,305000
2011,TENNESSEE,47,WHEAT, ACRES PLANTED,ACRE,400000
2011,TENNESSEE,47,WHEAT, YIELD, MEASURED IN BU / ACRE,68
2011,TEXAS,48,WHEAT, ACRES HARVESTED,ACRE,1900000
2011,TEXAS,48,WHEAT, ACRES PLANTED,ACRE,5300000
2011,TEXAS,48,WHEAT, YIELD, MEASURED IN BU / ACRE,25
2011,UTAH,49,WHEAT, ACRES HARVESTED,ACRE,144000
2011,UTAH,49,WHEAT, ACRES PLANTED,ACRE,151000
2011,UTAH,49,WHEAT, YIELD, MEASURED IN BU / ACRE,49.4
2011,VIRGINIA,51,WHEAT, ACRES HARVESTED,ACRE,240000
2011,VIRGINIA,51,WHEAT, ACRES PLANTED,ACRE,270000
2011,VIRGINIA,51,WHEAT, YIELD, MEASURED IN BU / ACRE,71
2011,WASHINGTON,53,WHEAT, ACRES HARVESTED,ACRE,2335000
2011,WASHINGTON,53,WHEAT, ACRES PLANTED,ACRE,2360000
2011,WASHINGTON,53,WHEAT, YIELD, MEASURED IN BU / ACRE,70.9
2011,WEST VIRGINIA,54,WHEAT, ACRES HARVESTED,ACRE,6000
2011,WEST VIRGINIA,54,WHEAT, ACRES PLANTED,ACRE,10000
2011,WEST VIRGINIA,54,WHEAT, YIELD, MEASURED IN BU / ACRE,59
2011,WISCONSIN,55,WHEAT, ACRES HARVESTED,ACRE,335000
2011,WISCONSIN,55,WHEAT, ACRES PLANTED,ACRE,345000
2011,WISCONSIN,55,WHEAT, YIELD, MEASURED IN BU / ACRE,65
2011,WYOMING,56,WHEAT, ACRES HARVESTED,ACRE,130000
2011,WYOMING,56,WHEAT, ACRES PLANTED,ACRE,150000
2011,WYOMING,56,WHEAT, YIELD, MEASURED IN BU / ACRE,34
2010,ALABAMA,1,WHEAT, ACRES HARVESTED,ACRE,80000
2010,ALABAMA,1,WHEAT, ACRES PLANTED,ACRE,110000
2010,ALABAMA,1,WHEAT, YIELD, MEASURED IN BU / ACRE,55
2010,ARIZONA,4,WHEAT, ACRES HARVESTED,ACRE,71000
2010,ARIZONA,4,WHEAT, ACRES PLANTED,ACRE,75000
2010,ARIZONA,4,WHEAT, YIELD, MEASURED IN BU / ACRE,111.2
2010,ARKANSAS,5,WHEAT, ACRES HARVESTED,ACRE,135000
2010,ARKANSAS,5,WHEAT, ACRES PLANTED,ACRE,185000
2010,ARKANSAS,5,WHEAT, YIELD, MEASURED IN BU / ACRE,54
2010,CALIFORNIA,6,WHEAT, ACRES HARVESTED,ACRE,425000
2010,CALIFORNIA,6,WHEAT, ACRES PLANTED,ACRE,765000
2010,CALIFORNIA,6,WHEAT, YIELD, MEASURED IN BU / ACRE,85.5
2010,COLORADO,8,WHEAT, ACRES HARVESTED,ACRE,2375000
2010,COLORADO,8,WHEAT, ACRES PLANTED,ACRE,2426000
2010,COLORADO,8,WHEAT, YIELD, MEASURED IN BU / ACRE,43.5
2010,DELAWARE,10,WHEAT, ACRES HARVESTED,ACRE,47000
2010,DELAWARE,10,WHEAT, ACRES PLANTED,ACRE,50000
2010,DELAWARE,10,WHEAT, YIELD, MEASURED IN BU / ACRE,58
2010,FLORIDA,12,WHEAT, ACRES HARVESTED,ACRE,7000
2010,FLORIDA,12,WHEAT, ACRES PLANTED,ACRE,12000
2010,FLORIDA,12,WHEAT, YIELD, MEASURED IN BU / ACRE,41
2010,GEORGIA,13,WHEAT, ACRES HARVESTED,ACRE,102000
2010,GEORGIA,13,WHEAT, ACRES PLANTED,ACRE,150000
2010,GEORGIA,13,WHEAT, YIELD, MEASURED IN BU / ACRE,40
2010,IDAHO,16,WHEAT, ACRES HARVESTED,ACRE,1342000
2010,IDAHO,16,WHEAT, ACRES PLANTED,ACRE,1397000
2010,IDAHO,16,WHEAT, YIELD, MEASURED IN BU / ACRE,80.4
2010,ILLINOIS,17,WHEAT, ACRES HARVESTED,ACRE,270000
2010,ILLINOIS,17,WHEAT, ACRES PLANTED,ACRE,300000
2010,ILLINOIS,17,WHEAT, YIELD, MEASURED IN BU / ACRE,57
2010,INDIANA,18,WHEAT, ACRES HARVESTED,ACRE,235000
2010,INDIANA,18,WHEAT, ACRES PLANTED,ACRE,250000
2010,INDIANA,18,WHEAT, YIELD, MEASURED IN BU / ACRE,60
2010,IOWA,19,WHEAT, ACRES HARVESTED,ACRE,10000
2010,IOWA,19,WHEAT, ACRES PLANTED,ACRE,15000
2010,IOWA,19,WHEAT, YIELD, MEASURED IN BU / ACRE,46
2010,KANSAS,20,WHEAT, ACRES HARVESTED,ACRE,8000000
2010,KANSAS,20,WHEAT, ACRES PLANTED,ACRE,8300000
2010,KANSAS,20,WHEAT, YIELD, MEASURED IN BU / ACRE,45
2010,KENTUCKY,21,WHEAT, ACRES HARVESTED,ACRE,195000
2010,KENTUCKY,21,WHEAT, ACRES PLANTED,ACRE,320000
2010,KENTUCKY,21,WHEAT, YIELD, MEASURED IN BU / ACRE,66
2010,LOUISIANA,22,WHEAT, ACRES HARVESTED,ACRE,105000
2010,LOUISIANA,22,WHEAT, ACRES PLANTED,ACRE,120000
2010,LOUISIANA,22,WHEAT, YIELD, MEASURED IN BU / ACRE,51
2010,MARYLAND,24,WHEAT, ACRES HARVESTED,ACRE,130000
2010,MARYLAND,24,WHEAT, ACRES PLANTED,ACRE,185000
2010,MARYLAND,24,WHEAT, YIELD, MEASURED IN BU / ACRE,60
2010,MICHIGAN,26,WHEAT, ACRES HARVESTED,ACRE,495000
2010,MICHIGAN,26,WHEAT, ACRES PLANTED,ACRE,520000
2010,MICHIGAN,26,WHEAT, YIELD, MEASURED IN BU / ACRE,70
2010,MINNESOTA,27,WHEAT, ACRES HARVESTED,ACRE,1605000
2010,MINNESOTA,27,WHEAT, ACRES PLANTED,ACRE,1660000
2010,MINNESOTA,27,WHEAT, YIELD, MEASURED IN BU / ACRE,54.7
2010,MISSISSIPPI,28,WHEAT, ACRES HARVESTED,ACRE,90000
2010,MISSISSIPPI,28,WHEAT, ACRES PLANTED,ACRE,115000
2010,MISSISSIPPI,28,WHEAT, YIELD, MEASURED IN BU / ACRE,47
2010,MISSOURI,29,WHEAT, ACRES HARVESTED,ACRE,260000
2010,MISSOURI,29,WHEAT, ACRES PLANTED,ACRE,340000
2010,MISSOURI,29,WHEAT, YIELD, MEASURED IN BU / ACRE,46
2010,MONTANA,30,WHEAT, ACRES HARVESTED,ACRE,5140000
2010,MONTANA,30,WHEAT, ACRES PLANTED,ACRE,5370000
2010,MONTANA,30,WHEAT, YIELD, MEASURED IN BU / ACRE,41.7
2010,NEBRASKA,31,WHEAT, ACRES HARVESTED,ACRE,1490000
2010,NEBRASKA,31,WHEAT, ACRES PLANTED,ACRE,1600000
2010,NEBRASKA,31,WHEAT, YIELD, MEASURED IN BU / ACRE,43
2010,NEVADA,32,WHEAT, ACRES HARVESTED,ACRE,6000
2010,NEVADA,32,WHEAT, ACRES PLANTED,ACRE,17000
2010,NEVADA,32,WHEAT, YIELD, MEASURED IN BU / ACRE,102.7
2010,NEW JERSEY,34,WHEAT, ACRES HARVESTED,ACRE,20000
2010,NEW JERSEY,34,WHEAT, ACRES PLANTED,ACRE,25000
2010,NEW JERSEY,34,WHEAT, YIELD, MEASURED IN BU / ACRE,49
2010,NEW MEXICO,35,WHEAT, ACRES HARVESTED,ACRE,290000
2010,NEW MEXICO,35,WHEAT, ACRES PLANTED,ACRE,470000
2010,NEW MEXICO,35,WHEAT, YIELD, MEASURED IN BU / ACRE,28
2010,NEW YORK,36,WHEAT, ACRES HARVESTED,ACRE,95000
2010,NEW YORK,36,WHEAT, ACRES PLANTED,ACRE,105000
2010,NEW YORK,36,WHEAT, YIELD, MEASURED IN BU / ACRE,67
2010,NORTH CAROLINA,37,WHEAT, ACRES HARVESTED,ACRE,330000
2010,NORTH CAROLINA,37,WHEAT, ACRES PLANTED,ACRE,430000
2010,NORTH CAROLINA,37,WHEAT, YIELD, MEASURED IN BU / ACRE,38
2010,NORTH DAKOTA,38,WHEAT, ACRES HARVESTED,ACRE,8290000
2010,NORTH DAKOTA,38,WHEAT, ACRES PLANTED,ACRE,8420000
2010,NORTH DAKOTA,38,WHEAT, YIELD, MEASURED IN BU / ACRE,43
2010,OHIO,39,WHEAT, ACRES HARVESTED,ACRE,700000
2010,OHIO,39,WHEAT, ACRES PLANTED,ACRE,720000
2010,OHIO,39,WHEAT, YIELD, MEASURED IN BU / ACRE,61
2010,OKLAHOMA,40,WHEAT, ACRES HARVESTED,ACRE,3850000
2010,OKLAHOMA,40,WHEAT, ACRES PLANTED,ACRE,5200000
2010,OKLAHOMA,40,WHEAT, YIELD, MEASURED IN BU / ACRE,31
2010,OREGON,41,WHEAT, ACRES HARVESTED,ACRE,912000
2010,OREGON,41,WHEAT, ACRES PLANTED,ACRE,925000
2010,OREGON,41,WHEAT, YIELD, MEASURED IN BU / ACRE,67.3
2010,PENNSYLVANIA,42,WHEAT, ACRES HARVESTED,ACRE,130000
2010,PENNSYLVANIA,42,WHEAT, ACRES PLANTED,ACRE,150000
2010,PENNSYLVANIA,42,WHEAT, YIELD, MEASURED IN BU / ACRE,59
2010,SOUTH CAROLINA,45,WHEAT, ACRES HARVESTED,ACRE,120000
2010,SOUTH CAROLINA,45,WHEAT, ACRES PLANTED,ACRE,135000
2010,SOUTH CAROLINA,45,WHEAT, YIELD, MEASURED IN BU / ACRE,36
2010,SOUTH DAKOTA,46,WHEAT, ACRES HARVESTED,ACRE,2705000
2010,SOUTH DAKOTA,46,WHEAT, ACRES PLANTED,ACRE,2795000
2010,SOUTH DAKOTA,46,WHEAT, YIELD, MEASURED IN BU / ACRE,45.3
2010,TENNESSEE,47,WHEAT, ACRES HARVESTED,ACRE,155000
2010,TENNESSEE,47,WHEAT, ACRES PLANTED,ACRE,225000
2010,TENNESSEE,47,WHEAT, YIELD, MEASURED IN BU / ACRE,53
2010,TEXAS,48,WHEAT, ACRES HARVESTED,ACRE,3750000
2010,TEXAS,48,WHEAT, ACRES PLANTED,ACRE,5700000
2010,TEXAS,48,WHEAT, YIELD, MEASURED IN BU / ACRE,33
2010,UTAH,49,WHEAT, ACRES HARVESTED,ACRE,131000
2010,UTAH,49,WHEAT, ACRES PLANTED,ACRE,151000
2010,UTAH,49,WHEAT, YIELD, MEASURED IN BU / ACRE,48.7
2010,VIRGINIA,51,WHEAT, ACRES HARVESTED,ACRE,150000
2010,VIRGINIA,51,WHEAT, ACRES PLANTED,ACRE,180000
2010,VIRGINIA,51,WHEAT, YIELD, MEASURED IN BU / ACRE,51
2010,WASHINGTON,53,WHEAT, ACRES HARVESTED,ACRE,2275000
2010,WASHINGTON,53,WHEAT, ACRES PLANTED,ACRE,2310000
2010,WASHINGTON,53,WHEAT, YIELD, MEASURED IN BU / ACRE,64.9
2010,WEST VIRGINIA,54,WHEAT, ACRES HARVESTED,ACRE,5000
2010,WEST VIRGINIA,54,WHEAT, ACRES PLANTED,ACRE,7000
2010,WEST VIRGINIA,54,WHEAT, YIELD, MEASURED IN BU / ACRE,54
2010,WISCONSIN,55,WHEAT, ACRES HARVESTED,ACRE,230000
2010,WISCONSIN,55,WHEAT, ACRES PLANTED,ACRE,240000
2010,WISCONSIN,55,WHEAT, YIELD, MEASURED IN BU / ACRE,64
2010,WYOMING,56,WHEAT, ACRES HARVESTED,ACRE,130000
2010,WYOMING,56,WHEAT, ACRES PLANTED,ACRE,150000
2010,WYOMING,56,WHEAT, YIELD, MEASURED IN BU / ACRE,32
2009,ALABAMA,1,WHEAT, ACRES HARVESTED,ACRE,160000
2009,ALABAMA,1,WHEAT, ACRES PLANTED,ACRE,220000
2009,ALABAMA,1,WHEAT, YIELD, MEASURED IN BU / ACRE,54
2009,ARIZONA,4,WHEAT, ACRES HARVESTED,ACRE,119000
2009,ARIZONA,4,WHEAT, ACRES PLANTED,ACRE,122000
2009,ARIZONA,4,WHEAT, YIELD, MEASURED IN BU / ACRE,99.4
2009,ARKANSAS,5,WHEAT, ACRES HARVESTED,ACRE,375000
2009,ARKANSAS,5,WHEAT, ACRES PLANTED,ACRE,420000
2009,ARKANSAS,5,WHEAT, YIELD, MEASURED IN BU / ACRE,44
2009,CALIFORNIA,6,WHEAT, ACRES HARVESTED,ACRE,490000
2009,CALIFORNIA,6,WHEAT, ACRES PLANTED,ACRE,810000
2009,CALIFORNIA,6,WHEAT, YIELD, MEASURED IN BU / ACRE,84.3
2009,COLORADO,8,WHEAT, ACRES HARVESTED,ACRE,2499000
2009,COLORADO,8,WHEAT, ACRES PLANTED,ACRE,2630000
2009,COLORADO,8,WHEAT, YIELD, MEASURED IN BU / ACRE,40.6
2009,DELAWARE,10,WHEAT, ACRES HARVESTED,ACRE,63000
2009,DELAWARE,10,WHEAT, ACRES PLANTED,ACRE,65000
2009,DELAWARE,10,WHEAT, YIELD, MEASURED IN BU / ACRE,61
2009,FLORIDA,12,WHEAT, ACRES HARVESTED,ACRE,14000
2009,FLORIDA,12,WHEAT, ACRES PLANTED,ACRE,17000
2009,FLORIDA,12,WHEAT, YIELD, MEASURED IN BU / ACRE,44
2009,GEORGIA,13,WHEAT, ACRES HARVESTED,ACRE,245000
2009,GEORGIA,13,WHEAT, ACRES PLANTED,ACRE,335000
2009,GEORGIA,13,WHEAT, YIELD, MEASURED IN BU / ACRE,42
2009,IDAHO,16,WHEAT, ACRES HARVESTED,ACRE,1269000
2009,IDAHO,16,WHEAT, ACRES PLANTED,ACRE,1329000
2009,IDAHO,16,WHEAT, YIELD, MEASURED IN BU / ACRE,79.3
2009,ILLINOIS,17,WHEAT, ACRES HARVESTED,ACRE,820000
2009,ILLINOIS,17,WHEAT, ACRES PLANTED,ACRE,850000
2009,ILLINOIS,17,WHEAT, YIELD, MEASURED IN BU / ACRE,56
2009,INDIANA,18,WHEAT, ACRES HARVESTED,ACRE,450000
2009,INDIANA,18,WHEAT, ACRES PLANTED,ACRE,470000
2009,INDIANA,18,WHEAT, YIELD, MEASURED IN BU / ACRE,67
2009,IOWA,19,WHEAT, ACRES HARVESTED,ACRE,22000
2009,IOWA,19,WHEAT, ACRES PLANTED,ACRE,28000
2009,IOWA,19,WHEAT, YIELD, MEASURED IN BU / ACRE,45
2009,KANSAS,20,WHEAT, ACRES HARVESTED,ACRE,8950000
2009,KANSAS,20,WHEAT, ACRES PLANTED,ACRE,9300000
2009,KANSAS,20,WHEAT, YIELD, MEASURED IN BU / ACRE,42
2009,KENTUCKY,21,WHEAT, ACRES HARVESTED,ACRE,365000
2009,KENTUCKY,21,WHEAT, ACRES PLANTED,ACRE,480000
2009,KENTUCKY,21,WHEAT, YIELD, MEASURED IN BU / ACRE,57
2009,LOUISIANA,22,WHEAT, ACRES HARVESTED,ACRE,170000
2009,LOUISIANA,22,WHEAT, ACRES PLANTED,ACRE,185000
2009,LOUISIANA,22,WHEAT, YIELD, MEASURED IN BU / ACRE,56
2009,MARYLAND,24,WHEAT, ACRES HARVESTED,ACRE,170000
2009,MARYLAND,24,WHEAT, ACRES PLANTED,ACRE,245000
2009,MARYLAND,24,WHEAT, YIELD, MEASURED IN BU / ACRE,59
2009,MICHIGAN,26,WHEAT, ACRES HARVESTED,ACRE,580000
2009,MICHIGAN,26,WHEAT, ACRES PLANTED,ACRE,630000
2009,MICHIGAN,26,WHEAT, YIELD, MEASURED IN BU / ACRE,68
2009,MINNESOTA,27,WHEAT, ACRES HARVESTED,ACRE,1585000
2009,MINNESOTA,27,WHEAT, ACRES PLANTED,ACRE,1645000
2009,MINNESOTA,27,WHEAT, YIELD, MEASURED IN BU / ACRE,52.8
2009,MISSISSIPPI,28,WHEAT, ACRES HARVESTED,ACRE,150000
2009,MISSISSIPPI,28,WHEAT, ACRES PLANTED,ACRE,165000
2009,MISSISSIPPI,28,WHEAT, YIELD, MEASURED IN BU / ACRE,50
2009,MISSOURI,29,WHEAT, ACRES HARVESTED,ACRE,715000
2009,MISSOURI,29,WHEAT, ACRES PLANTED,ACRE,760000
2009,MISSOURI,29,WHEAT, YIELD, MEASURED IN BU / ACRE,47
2009,MONTANA,30,WHEAT, ACRES HARVESTED,ACRE,5255000
2009,MONTANA,30,WHEAT, ACRES PLANTED,ACRE,5470000
2009,MONTANA,30,WHEAT, YIELD, MEASURED IN BU / ACRE,33.3
2009,NEBRASKA,31,WHEAT, ACRES HARVESTED,ACRE,1610000
2009,NEBRASKA,31,WHEAT, ACRES PLANTED,ACRE,1700000
2009,NEBRASKA,31,WHEAT, YIELD, MEASURED IN BU / ACRE,48
2009,NEVADA,32,WHEAT, ACRES HARVESTED,ACRE,9000
2009,NEVADA,32,WHEAT, ACRES PLANTED,ACRE,16000
2009,NEVADA,32,WHEAT, YIELD, MEASURED IN BU / ACRE,96
2009,NEW JERSEY,34,WHEAT, ACRES HARVESTED,ACRE,29000
2009,NEW JERSEY,34,WHEAT, ACRES PLANTED,ACRE,34000
2009,NEW JERSEY,34,WHEAT, YIELD, MEASURED IN BU / ACRE,51
2009,NEW MEXICO,35,WHEAT, ACRES HARVESTED,ACRE,150000
2009,NEW MEXICO,35,WHEAT, ACRES PLANTED,ACRE,460000
2009,NEW MEXICO,35,WHEAT, YIELD, MEASURED IN BU / ACRE,20
2009,NEW YORK,36,WHEAT, ACRES HARVESTED,ACRE,100000
2009,NEW YORK,36,WHEAT, ACRES PLANTED,ACRE,110000
2009,NEW YORK,36,WHEAT, YIELD, MEASURED IN BU / ACRE,65
2009,NORTH CAROLINA,37,WHEAT, ACRES HARVESTED,ACRE,575000
2009,NORTH CAROLINA,37,WHEAT, ACRES PLANTED,ACRE,660000
2009,NORTH CAROLINA,37,WHEAT, YIELD, MEASURED IN BU / ACRE,49
2009,NORTH DAKOTA,38,WHEAT, ACRES HARVESTED,ACRE,8415000
2009,NORTH DAKOTA,38,WHEAT, ACRES PLANTED,ACRE,8680000
2009,NORTH DAKOTA,38,WHEAT, YIELD, MEASURED IN BU / ACRE,44.8
2009,OHIO,39,WHEAT, ACRES HARVESTED,ACRE,950000
2009,OHIO,39,WHEAT, ACRES PLANTED,ACRE,980000
2009,OHIO,39,WHEAT, YIELD, MEASURED IN BU / ACRE,71
2009,OKLAHOMA,40,WHEAT, ACRES HARVESTED,ACRE,3400000
2009,OKLAHOMA,40,WHEAT, ACRES PLANTED,ACRE,5600000
2009,OKLAHOMA,40,WHEAT, YIELD, MEASURED IN BU / ACRE,22
2009,OREGON,41,WHEAT, ACRES HARVESTED,ACRE,917000
2009,OREGON,41,WHEAT, ACRES PLANTED,ACRE,930000
2009,OREGON,41,WHEAT, YIELD, MEASURED IN BU / ACRE,55.7
2009,PENNSYLVANIA,42,WHEAT, ACRES HARVESTED,ACRE,150000
2009,PENNSYLVANIA,42,WHEAT, ACRES PLANTED,ACRE,180000
2009,PENNSYLVANIA,42,WHEAT, YIELD, MEASURED IN BU / ACRE,56
2009,SOUTH CAROLINA,45,WHEAT, ACRES HARVESTED,ACRE,160000
2009,SOUTH CAROLINA,45,WHEAT, ACRES PLANTED,ACRE,175000
2009,SOUTH CAROLINA,45,WHEAT, YIELD, MEASURED IN BU / ACRE,47
2009,SOUTH DAKOTA,46,WHEAT, ACRES HARVESTED,ACRE,3058000
2009,SOUTH DAKOTA,46,WHEAT, ACRES PLANTED,ACRE,3258000
2009,SOUTH DAKOTA,46,WHEAT, YIELD, MEASURED IN BU / ACRE,42.4
2009,TENNESSEE,47,WHEAT, ACRES HARVESTED,ACRE,325000
2009,TENNESSEE,47,WHEAT, ACRES PLANTED,ACRE,410000
2009,TENNESSEE,47,WHEAT, YIELD, MEASURED IN BU / ACRE,50
2009,TEXAS,48,WHEAT, ACRES HARVESTED,ACRE,2450000
2009,TEXAS,48,WHEAT, ACRES PLANTED,ACRE,6400000
2009,TEXAS,48,WHEAT, YIELD, MEASURED IN BU / ACRE,25
2009,UTAH,49,WHEAT, ACRES HARVESTED,ACRE,147000
2009,UTAH,49,WHEAT, ACRES PLANTED,ACRE,154000
2009,UTAH,49,WHEAT, YIELD, MEASURED IN BU / ACRE,49.5
2009,VIRGINIA,51,WHEAT, ACRES HARVESTED,ACRE,220000
2009,VIRGINIA,51,WHEAT, ACRES PLANTED,ACRE,260000
2009,VIRGINIA,51,WHEAT, YIELD, MEASURED IN BU / ACRE,58
2009,WASHINGTON,53,WHEAT, ACRES HARVESTED,ACRE,2265000
2009,WASHINGTON,53,WHEAT, ACRES PLANTED,ACRE,2340000
2009,WASHINGTON,53,WHEAT, YIELD, MEASURED IN BU / ACRE,54.6
2009,WEST VIRGINIA,54,WHEAT, ACRES HARVESTED,ACRE,5000
2009,WEST VIRGINIA,54,WHEAT, ACRES PLANTED,ACRE,9000
2009,WEST VIRGINIA,54,WHEAT, YIELD, MEASURED IN BU / ACRE,50
2009,WISCONSIN,55,WHEAT, ACRES HARVESTED,ACRE,315000
2009,WISCONSIN,55,WHEAT, ACRES PLANTED,ACRE,335000
2009,WISCONSIN,55,WHEAT, YIELD, MEASURED IN BU / ACRE,68
2009,WYOMING,56,WHEAT, ACRES HARVESTED,ACRE,125000
2009,WYOMING,56,WHEAT, ACRES PLANTED,ACRE,150000
2009,WYOMING,56,WHEAT, YIELD, MEASURED IN BU / ACRE,38
2008,ALABAMA,1,WHEAT, ACRES HARVESTED,ACRE,210000
2008,ALABAMA,1,WHEAT, ACRES PLANTED,ACRE,265000
2008,ALABAMA,1,WHEAT, YIELD, MEASURED IN BU / ACRE,71
2008,ARIZONA,4,WHEAT, ACRES HARVESTED,ACRE,155000
2008,ARIZONA,4,WHEAT, ACRES PLANTED,ACRE,159000
2008,ARIZONA,4,WHEAT, YIELD, MEASURED IN BU / ACRE,97.9
2008,ARKANSAS,5,WHEAT, ACRES HARVESTED,ACRE,1000000
2008,ARKANSAS,5,WHEAT, ACRES PLANTED,ACRE,1070000
2008,ARKANSAS,5,WHEAT, YIELD, MEASURED IN BU / ACRE,56
2008,CALIFORNIA,6,WHEAT, ACRES HARVESTED,ACRE,545000
2008,CALIFORNIA,6,WHEAT, ACRES PLANTED,ACRE,880000
2008,CALIFORNIA,6,WHEAT, YIELD, MEASURED IN BU / ACRE,89.6
2008,COLORADO,8,WHEAT, ACRES HARVESTED,ACRE,1936000
2008,COLORADO,8,WHEAT, ACRES PLANTED,ACRE,2190000
2008,COLORADO,8,WHEAT, YIELD, MEASURED IN BU / ACRE,31.8
2008,DELAWARE,10,WHEAT, ACRES HARVESTED,ACRE,79000
2008,DELAWARE,10,WHEAT, ACRES PLANTED,ACRE,85000
2008,DELAWARE,10,WHEAT, YIELD, MEASURED IN BU / ACRE,77
2008,FLORIDA,12,WHEAT, ACRES HARVESTED,ACRE,23000
2008,FLORIDA,12,WHEAT, ACRES PLANTED,ACRE,25000
2008,FLORIDA,12,WHEAT, YIELD, MEASURED IN BU / ACRE,54
2008,GEORGIA,13,WHEAT, ACRES HARVESTED,ACRE,410000
2008,GEORGIA,13,WHEAT, ACRES PLANTED,ACRE,490000
2008,GEORGIA,13,WHEAT, YIELD, MEASURED IN BU / ACRE,55
2008,IDAHO,16,WHEAT, ACRES HARVESTED,ACRE,1350000
2008,IDAHO,16,WHEAT, ACRES PLANTED,ACRE,1420000
2008,IDAHO,16,WHEAT, YIELD, MEASURED IN BU / ACRE,73.8
2008,ILLINOIS,17,WHEAT, ACRES HARVESTED,ACRE,1150000
2008,ILLINOIS,17,WHEAT, ACRES PLANTED,ACRE,1200000
2008,ILLINOIS,17,WHEAT, YIELD, MEASURED IN BU / ACRE,64
2008,INDIANA,18,WHEAT, ACRES HARVESTED,ACRE,570000
2008,INDIANA,18,WHEAT, ACRES PLANTED,ACRE,590000
2008,INDIANA,18,WHEAT, YIELD, MEASURED IN BU / ACRE,69
2008,IOWA,19,WHEAT, ACRES HARVESTED,ACRE,30000
2008,IOWA,19,WHEAT, ACRES PLANTED,ACRE,40000
2008,IOWA,19,WHEAT, YIELD, MEASURED IN BU / ACRE,48
2008,KANSAS,20,WHEAT, ACRES HARVESTED,ACRE,9000000
2008,KANSAS,20,WHEAT, ACRES PLANTED,ACRE,9700000
2008,KANSAS,20,WHEAT, YIELD, MEASURED IN BU / ACRE,40
2008,KENTUCKY,21,WHEAT, ACRES HARVESTED,ACRE,440000
2008,KENTUCKY,21,WHEAT, ACRES PLANTED,ACRE,580000
2008,KENTUCKY,21,WHEAT, YIELD, MEASURED IN BU / ACRE,71
2008,LOUISIANA,22,WHEAT, ACRES HARVESTED,ACRE,385000
2008,LOUISIANA,22,WHEAT, ACRES PLANTED,ACRE,400000
2008,LOUISIANA,22,WHEAT, YIELD, MEASURED IN BU / ACRE,57
2008,MARYLAND,24,WHEAT, ACRES HARVESTED,ACRE,180000
2008,MARYLAND,24,WHEAT, ACRES PLANTED,ACRE,255000
2008,MARYLAND,24,WHEAT, YIELD, MEASURED IN BU / ACRE,73
2008,MICHIGAN,26,WHEAT, ACRES HARVESTED,ACRE,710000
2008,MICHIGAN,26,WHEAT, ACRES PLANTED,ACRE,730000
2008,MICHIGAN,26,WHEAT, YIELD, MEASURED IN BU / ACRE,68
2008,MINNESOTA,27,WHEAT, ACRES HARVESTED,ACRE,1870000
2008,MINNESOTA,27,WHEAT, ACRES PLANTED,ACRE,1925000
2008,MINNESOTA,27,WHEAT, YIELD, MEASURED IN BU / ACRE,55.9
2008,MISSISSIPPI,28,WHEAT, ACRES HARVESTED,ACRE,500000
2008,MISSISSIPPI,28,WHEAT, ACRES PLANTED,ACRE,520000
2008,MISSISSIPPI,28,WHEAT, YIELD, MEASURED IN BU / ACRE,62
2008,MISSOURI,29,WHEAT, ACRES HARVESTED,ACRE,1190000
2008,MISSOURI,29,WHEAT, ACRES PLANTED,ACRE,1280000
2008,MISSOURI,29,WHEAT, YIELD, MEASURED IN BU / ACRE,48
2008,MONTANA,30,WHEAT, ACRES HARVESTED,ACRE,5480000
2008,MONTANA,30,WHEAT, ACRES PLANTED,ACRE,5750000
2008,MONTANA,30,WHEAT, YIELD, MEASURED IN BU / ACRE,30.1
2008,NEBRASKA,31,WHEAT, ACRES HARVESTED,ACRE,1670000
2008,NEBRASKA,31,WHEAT, ACRES PLANTED,ACRE,1750000
2008,NEBRASKA,31,WHEAT, YIELD, MEASURED IN BU / ACRE,44
2008,NEVADA,32,WHEAT, ACRES HARVESTED,ACRE,11000
2008,NEVADA,32,WHEAT, ACRES PLANTED,ACRE,21000
2008,NEVADA,32,WHEAT, YIELD, MEASURED IN BU / ACRE,100.7
2008,NEW JERSEY,34,WHEAT, ACRES HARVESTED,ACRE,37000
2008,NEW JERSEY,34,WHEAT, ACRES PLANTED,ACRE,39000
2008,NEW JERSEY,34,WHEAT, YIELD, MEASURED IN BU / ACRE,61
2008,NEW MEXICO,35,WHEAT, ACRES HARVESTED,ACRE,140000
2008,NEW MEXICO,35,WHEAT, ACRES PLANTED,ACRE,430000
2008,NEW MEXICO,35,WHEAT, YIELD, MEASURED IN BU / ACRE,31
2008,NEW YORK,36,WHEAT, ACRES HARVESTED,ACRE,130000
2008,NEW YORK,36,WHEAT, ACRES PLANTED,ACRE,140000
2008,NEW YORK,36,WHEAT, YIELD, MEASURED IN BU / ACRE,63
2008,NORTH CAROLINA,37,WHEAT, ACRES HARVESTED,ACRE,740000
2008,NORTH CAROLINA,37,WHEAT, ACRES PLANTED,ACRE,850000
2008,NORTH CAROLINA,37,WHEAT, YIELD, MEASURED IN BU / ACRE,60
2008,NORTH DAKOTA,38,WHEAT, ACRES HARVESTED,ACRE,8590000
2008,NORTH DAKOTA,38,WHEAT, ACRES PLANTED,ACRE,9170000
2008,NORTH DAKOTA,38,WHEAT, YIELD, MEASURED IN BU / ACRE,35.8
2008,OHIO,39,WHEAT, ACRES HARVESTED,ACRE,1090000
2008,OHIO,39,WHEAT, ACRES PLANTED,ACRE,1120000
2008,OHIO,39,WHEAT, YIELD, MEASURED IN BU / ACRE,67
2008,OKLAHOMA,40,WHEAT, ACRES HARVESTED,ACRE,4600000
2008,OKLAHOMA,40,WHEAT, ACRES PLANTED,ACRE,5700000
2008,OKLAHOMA,40,WHEAT, YIELD, MEASURED IN BU / ACRE,37
2008,OREGON,41,WHEAT, ACRES HARVESTED,ACRE,930000
2008,OREGON,41,WHEAT, ACRES PLANTED,ACRE,950000
2008,OREGON,41,WHEAT, YIELD, MEASURED IN BU / ACRE,54.9
2008,PENNSYLVANIA,42,WHEAT, ACRES HARVESTED,ACRE,185000
2008,PENNSYLVANIA,42,WHEAT, ACRES PLANTED,ACRE,195000
2008,PENNSYLVANIA,42,WHEAT, YIELD, MEASURED IN BU / ACRE,64
2008,SOUTH CAROLINA,45,WHEAT, ACRES HARVESTED,ACRE,215000
2008,SOUTH CAROLINA,45,WHEAT, ACRES PLANTED,ACRE,230000
2008,SOUTH CAROLINA,45,WHEAT, YIELD, MEASURED IN BU / ACRE,54
2008,SOUTH DAKOTA,46,WHEAT, ACRES HARVESTED,ACRE,3420000
2008,SOUTH DAKOTA,46,WHEAT, ACRES PLANTED,ACRE,3661000
2008,SOUTH DAKOTA,46,WHEAT, YIELD, MEASURED IN BU / ACRE,50.5
2008,TENNESSEE,47,WHEAT, ACRES HARVESTED,ACRE,530000
2008,TENNESSEE,47,WHEAT, ACRES PLANTED,ACRE,650000
2008,TENNESSEE,47,WHEAT, YIELD, MEASURED IN BU / ACRE,63
2008,TEXAS,48,WHEAT, ACRES HARVESTED,ACRE,3300000
2008,TEXAS,48,WHEAT, ACRES PLANTED,ACRE,5800000
2008,TEXAS,48,WHEAT, YIELD, MEASURED IN BU / ACRE,30
2008,UTAH,49,WHEAT, ACRES HARVESTED,ACRE,139000
2008,UTAH,49,WHEAT, ACRES PLANTED,ACRE,150000
2008,UTAH,49,WHEAT, YIELD, MEASURED IN BU / ACRE,41.4
2008,VIRGINIA,51,WHEAT, ACRES HARVESTED,ACRE,290000
2008,VIRGINIA,51,WHEAT, ACRES PLANTED,ACRE,320000
2008,VIRGINIA,51,WHEAT, YIELD, MEASURED IN BU / ACRE,71
2008,WASHINGTON,53,WHEAT, ACRES HARVESTED,ACRE,2305000
2008,WASHINGTON,53,WHEAT, ACRES PLANTED,ACRE,2340000
2008,WASHINGTON,53,WHEAT, YIELD, MEASURED IN BU / ACRE,52.8
2008,WEST VIRGINIA,54,WHEAT, ACRES HARVESTED,ACRE,8000
2008,WEST VIRGINIA,54,WHEAT, ACRES PLANTED,ACRE,11000
2008,WEST VIRGINIA,54,WHEAT, YIELD, MEASURED IN BU / ACRE,60
2008,WISCONSIN,55,WHEAT, ACRES HARVESTED,ACRE,357000
2008,WISCONSIN,55,WHEAT, ACRES PLANTED,ACRE,373000
2008,WISCONSIN,55,WHEAT, YIELD, MEASURED IN BU / ACRE,64.5
2008,WYOMING,56,WHEAT, ACRES HARVESTED,ACRE,136000
2008,WYOMING,56,WHEAT, ACRES PLANTED,ACRE,163000
2008,WYOMING,56,WHEAT, YIELD, MEASURED IN BU / ACRE,30.4
